"subID","SE","SCC","NFC","Time","edgeTot","dense","aveDist","idTrans","globEff","numID","meanStre","sumStre","idSimGlob","M_homoph","I_homoph","P_homoph","Ent_homoph","Sim_homoph","Proto_homoph","SzSch_homoph","SzUS_homoph","A_homoph","D_homoph","ThermIn_homoph","ThermOut_homoph","MemUnc_homoph","IdUnc_homoph","Should_homoph","Consist_homoph","Salient_homoph","Ideal_homoph","BExp_homoph","GExp_homoph","BelPer_homoph","totalBias","varBias"
59373,2.6,2.5,3.33333333333333,1,2,0.166666666666667,1,NA,0.166666666666667,4,0.454545454545455,1.81818181818182,0,-0.999999999999998,NA,-0.999999999999993,-0.999999999999999,-1,-1,-1,NA,NA,NA,NA,NA,NA,NA,-1,-1,-1,NA,NA,NA,-0.999999999999999,0,NA
59373,2.6,2.5,3.33333333333333,2,0,0,NA,NA,0,4,0,0,0,NA,NA,NA,NA,NA,NA,NA,NA,NA,NA,NA,NA,NA,NA,NA,NA,NA,NA,NA,NA,NA,0,NA
59373,2.6,2.5,3.33333333333333,3,0,0,NA,NA,0,4,0,0,0,NA,NA,NA,NA,NA,NA,NA,NA,NA,NA,NA,NA,NA,NA,NA,NA,NA,NA,NA,NA,NA,0,NA
59373,2.6,2.5,3.33333333333333,4,0,0,NA,NA,0,4,0,0,0,NA,NA,NA,NA,NA,NA,NA,NA,NA,NA,NA,NA,NA,NA,NA,NA,NA,NA,NA,NA,NA,0,NA
51223,2.4,3.16666666666667,2.33333333333333,1,9,0.3,1.25,0.75,0.366666666666667,6,2.72727272727273,16.3636363636364,0.217777777777778,-0.5,-0.499999999999915,-0.188982236504565,-0.285714285714341,-0.377964473009243,NA,-0.392678685677295,-0.398950945395549,-0.369274472937994,NA,-0.511885178217981,-0.422385049139483,-0.355784033482413,-0.349999999999996,-0.500000000000001,-0.188982236504501,-0.0999999999999744,-0.308020551816859,1,-0.550298391076843,-0.264906471413015,74.1818181818182,21.382316600487
51223,2.4,3.16666666666667,2.33333333333333,2,14,0.466666666666667,1,1,0.466666666666667,6,4.48484848484848,26.9090909090909,0.266666666666667,-0.999999999999998,0.0666666666666549,0.0666666666666525,-0.399999999999952,0.77049180327869,0.0666666666666854,-0.338926174496641,-0.240201868356072,-0.166666666666758,-0.00653594771242202,0.0364995602462791,0.797510931718802,-0.272727272727258,-0.272727272727368,0.0967741935483759,-0.28947368421052,-0.345454545454555,-0.159235668789827,NA,-0.354838709677425,0.14285714285714,74.1818181818182,21.382316600487
51223,2.4,3.16666666666667,2.33333333333333,3,14,0.466666666666667,1,1,0.466666666666667,6,4.24242424242424,25.4545454545455,0.266666666666667,-0.272727272727255,1,1,-0.272727272727286,0.0666666666666531,-0.342465753424685,-0.342426710097722,-0.234786184210528,-0.34246575342471,0.0666666666666348,-0.589088134299818,-0.53764581124072,-0.272727272727278,NA,-0.298969072164948,0.0410958904109711,-0.39999999999997,-0.500000000000037,1,NA,-0.00653594771242208,74.1818181818182,21.382316600487
51223,2.4,3.16666666666667,2.33333333333333,4,14,0.466666666666667,1,1,0.466666666666667,6,4.24242424242424,25.4545454545455,0.266666666666667,-0.127272727272726,-0.400000000000103,-0.298969072164924,-0.272727272727194,-0.16666666666674,-0.0769230769230911,-0.173075246316149,-0.133268739540203,-0.193798449612416,-0.0769230769230734,-0.333333333333328,-0.333333333333349,NA,NA,0.142857142857139,-0.0393013100436697,-0.0499999999999985,-0.298969072164935,NA,-0.342465753424648,-0.448275862068934,74.1818181818182,21.382316600487
58568,1.8,3.33333333333333,3.66666666666667,1,5,0.119047619047619,1.16666666666667,0,0.166666666666667,7,1.03896103896104,7.27272727272727,0.0476190476190476,-0.388514344942906,1.88486436615485e-07,NA,-0.250000000000009,0.0888714253208281,0.666666666666665,-0.619460393137985,-0.410355486862466,-0.408248290463858,6.00518216294085e-15,NA,NA,0.781407802208339,0.666666666666667,1,0.687500000000002,0.985527456652574,0.835504418211081,NA,0.47286624374346,-0.408248290463846,0,0
58568,1.8,3.33333333333333,3.66666666666667,2,3,0.0714285714285714,1.25,0,0.119047619047619,7,0.701298701298701,4.90909090909091,0.0476190476190476,-0.981980506061966,Inf,-1.00000000000005,-0.999999999999995,NA,0,-0.720576692122891,-0.958186970659896,-0.999999999999936,NA,NA,NA,NA,NA,NA,-0.999999999999989,-0.866025403784438,-0.499999999999989,NA,-1.00000000000001,NA,0,0
58568,1.8,3.33333333333333,3.66666666666667,3,2,0.0476190476190476,1,0,0.119047619047619,7,0.493506493506494,3.45454545454545,0.0476190476190476,NA,NA,NA,NA,NA,-Inf,NA,NA,NA,NA,NA,NA,-Inf,NA,NA,NA,Inf,NA,NA,NA,NA,0,0
58568,1.8,3.33333333333333,3.66666666666667,4,1,0.0238095238095238,1,NA,0.0476190476190476,7,0.25974025974026,1.81818181818182,0,NA,NA,NA,NA,NA,NA,NA,NA,NA,NA,NA,NA,NA,NA,NA,NA,NA,NA,NA,NA,NA,0,0
58593,1.4,4.16666666666667,5.16666666666667,1,6,0.3,1.25,0,0.35,5,1.34545454545455,6.72727272727273,0.1,-0.317073170731706,-0.199999999999945,-0.199999999999996,-0.200000000000027,-0.5,-0.500000000000048,0.525536854323853,-0.106263817243918,-2.84217094304046e-14,0.333333333333346,0.75235153727362,-0.333333333333331,0.433962264150942,-0.324675324675324,-0.200000000000002,-0.200000000000027,NA,-0.968,0.610389610389611,-0.200000000000002,-0.76470588235294,18.5,17.8234808774334
58593,1.4,4.16666666666667,5.16666666666667,2,5,0.25,1.55555555555556,0,0.641666666666667,5,0.909090909090909,4.54545454545454,0.183333333333333,0.612372435695804,1,NA,0.612372435695784,0.188982236504614,-0.218217890235987,-0.418564891777634,-1.35579465222679e-14,1.33280037492501e-07,1,1,NA,-0.301511344577763,0.490098029409798,-0.790569415042096,-0.408248290463861,0,-0.319438282499972,0,-0.279508497187473,-0.168549965615816,18.5,17.8234808774334
58593,1.4,4.16666666666667,5.16666666666667,3,6,0.3,1.84615384615385,0,0.641666666666667,5,0.945454545454545,4.72727272727273,0.183333333333333,0,-0.199999999999986,-0.394211233695108,-1.00485917355762e-14,0.333333333333333,-0.199999999999966,-0.6744713963487,-0.351659545074411,-0.707106781186511,-0.199999999999986,-0.595872666531762,-0.00506652429068502,NA,-8.70233571526741e-15,NA,-0.20000000000001,-0.2,-0.2,0.261116483933546,-0.47169811320755,-0.316227766016832,18.5,17.8234808774334
58593,1.4,4.16666666666667,5.16666666666667,4,5,0.25,1.7,0,0.666666666666667,5,0.690909090909091,3.45454545454545,0.283333333333333,-0.249999999999995,NA,-0.655610068107185,-0.657793514480267,-0.54173633888596,-0.597614304667204,0.471084952845725,-0.127432743166428,-0.102062072615975,0.408248290463861,-0.494561546801232,-0.111714771513527,-0.408248290463863,-0.102062072615963,-0.516397779494326,1.83461345491166e-14,-0.662122191971739,-0.877058019307025,-0.102062072615966,-0.666666666666661,-0.872871560943993,18.5,17.8234808774334
58926,2.1,2.91666666666667,3.66666666666667,1,11,0.55,1.3125,0.8,0.85,5,3.30909090909091,16.5454545454545,0.521428571428571,-0.346410161513775,-0.368513865595056,-0.374999999999993,-0.343917969714409,-0.381668382717784,-0.288675134594876,-0.245041920808258,-0.335768027034969,-0.193649167310388,-0.375000000000066,-0.490724130348606,-0.0159529806885045,-0.288675134594904,-0.466666666666665,-0.355934248407189,-0.288675134594807,NA,-0.322030594359758,-0.408248290463869,-0.0690065559341919,-0.0735373638992487,34.55,9.74125788916185
58926,2.1,2.91666666666667,3.66666666666667,2,11,0.55,1.3125,0.8,0.85,5,3.49090909090909,17.4545454545455,0.521428571428571,Inf,-0.356348322549951,-0.149071198500009,-0.178571428571428,-0.26666666666666,-0.448542613572521,-0.22905376522889,-0.298083329659714,-0.310529501704069,-0.171498585142488,-0.257571526293959,-0.167666433036842,-0.356348322549965,0.0516397779494338,-0.45434411125111,-0.37499999999992,-0.290341601590324,-0.320000000000004,6.10921037694817e-16,-0.380003253311695,-0.375000000000002,34.55,9.74125788916185
58926,2.1,2.91666666666667,3.66666666666667,3,12,0.6,1,1,0.6,5,3.92727272727273,19.6363636363636,0.4,-0.333333333333333,1,-0.333333333333333,-0.333333333333313,-0.333333333333326,-0.333333333333343,-0.333333333333325,-0.333333333333286,-0.333333333333332,-0.33333333333333,-0.333333333333108,-0.333333333333318,-0.333333333333308,-0.333333333333331,-0.333333333333334,-0.333333333333344,NA,-0.333333333333308,-0.333333333333331,NA,-0.333333333333333,34.55,9.74125788916185
58926,2.1,2.91666666666667,3.66666666666667,4,7,0.35,1.22222222222222,0.75,0.55,5,2.32727272727273,11.6363636363636,0.326666666666667,-0.399999999999998,NA,NA,-0.400000000000016,-0.258198889747156,Inf,0.135977882729818,0.251656256611837,-0.39999999999996,NA,0.267261241911765,-0.431021723281836,-0.453742606486515,-0.547722557505167,-0.302235262413492,-0.547722557505169,-0.464758001544877,0.141421356237299,-0.0993399267798779,-0.389249472080759,-0.295803989155,34.55,9.74125788916185
59053,1.7,3.5,4,1,8,0.19047619047619,1,1,0.19047619047619,7,2.02597402597403,14.1818181818182,0.0714285714285714,0.741935483870968,-0.142857142857145,-0.396825396825369,-0.333333333333308,-0.333333333333434,-0.666666666666667,-0.544347826086957,-0.591440070678315,-0.531914893617007,-0.0909090909090855,-0.263157894736842,-0.599999999999321,-0.0196078431372541,-0.6,-0.64705882352941,-0.309090909090905,-0.581395348837208,-0.111716621253406,NA,-0.333333333333333,0.571428571428576,0.0666666666666667,0.961150104723255
59053,1.7,3.5,4,2,6,0.142857142857143,1,1,0.142857142857143,7,1.71428571428571,12,0.0714285714285714,NA,NA,NA,-0.500000000000021,NA,-0.499999999999989,-0.5,-0.499999999999999,-0.499999999999995,-0.499999999999989,-0.500000000002728,-0.49999999999961,-0.5,NA,1,NA,1,1,NA,1,-0.5,0.0666666666666667,0.961150104723255
59053,1.7,3.5,4,3,6,0.142857142857143,1,1,0.142857142857143,7,1.71428571428571,12,0.0714285714285714,NA,1,NA,NA,NA,NA,NA,-0.499999999999318,NA,NA,NA,NA,NA,1,1,1,1,NA,NA,NA,-0.499999999999999,0.0666666666666667,0.961150104723255
58679,2.9,1.83333333333333,5,1,11,0.261904761904762,1.93333333333333,0.272727272727273,0.611111111111111,7,2.72727272727273,19.0909090909091,0.270748299319728,0.288675134594813,NA,-0.212459146399697,-0.1490711985001,-0.375000000000104,-0.161374306092065,-0.549061526591815,-0.649447102515289,NA,2.15213521444415e-07,-0.228306354923929,-0.0157600924241059,-0.462910049886275,0.388888888888886,-0.188433665720365,-0.0690065559341707,-0.418330013267008,-0.161374306092045,NA,-0.644529461868101,-0.161374306091869,4.07407407407407,7.35854252879931
58679,2.9,1.83333333333333,5,2,12,0.285714285714286,1.86666666666667,0.214285714285714,0.654761904761905,7,2.85714285714286,20,0.299546485260771,9.2339118628678e-08,NA,-0.134839972492714,-0.197385508487929,-0.314285714285747,NA,0.157943185446386,0.0124895983412541,NA,NA,-0.213200716355591,-0.204326357741338,1,1,NA,NA,-0.219899748566742,-0.213200716355817,1,-0.342997170285028,NA,4.07407407407407,7.35854252879931
58679,2.9,1.83333333333333,5,3,13,0.30952380952381,1.94444444444444,0.214285714285714,0.654761904761905,7,2.93506493506494,20.5454545454545,0.299546485260771,-0.168297814035967,1,-0.181818181818157,-0.444444444444422,-0.207142857142876,NA,0.15019610120459,-0.0434208190016843,1,1,1,-0.302992917299636,NA,1,NA,NA,0.426006433615182,-0.123091490979306,1,-0.561951486949012,NA,4.07407407407407,7.35854252879931
58679,2.9,1.83333333333333,5,4,10,0.238095238095238,2.23076923076923,0.3,0.603174603174603,7,2.31168831168831,16.1818181818182,0.23968253968254,-0.477272727272731,NA,-0.249999999999893,-0.250000000000115,NA,1,-0.5451623611295,-0.263024280200376,1,NA,1,-0.323847312295977,1,1,1,1,-0.526786584007561,-0.271163072273328,NA,-0.0613139339484906,NA,4.07407407407407,7.35854252879931
57437,2.8,2.66666666666667,2.33333333333333,1,8,0.266666666666667,1.41666666666667,0.6,0.522222222222222,6,1.39393939393939,8.36363636363637,0.262222222222222,0.235702260395517,-0.333333333333333,-0.755928946018493,-0.292770021884567,-0.292770021884566,-0.755928946018451,0.408416047774059,0.621317914440073,-0.654653670707971,-0.333333333333359,-0.66658551924177,NA,-0.233723197152969,NA,-0.142857142857115,-0.454794026827107,0.0788110406239088,-0.309090909090908,-0.323875137815647,-0.213574425172396,-0.437569799458743,18,4.24264068711928
57437,2.8,2.66666666666667,2.33333333333333,2,5,0.166666666666667,1.16666666666667,0,0.233333333333333,6,1.63636363636364,9.81818181818182,0.0666666666666667,NA,1,-0.249999999999982,-0.250000000000004,0.95257934441568,-0.801783725737275,0.902331635136763,0.727606875109,-0.250000000000029,-0.99999999999997,-0.342187554994297,NA,-0.250000000000022,-0.408248290463851,-0.249999999999982,-0.666666666666683,NA,NA,0.408248290463865,0,-0.250000000000022,18,4.24264068711928
57437,2.8,2.66666666666667,2.33333333333333,3,3,0.1,1,NA,0.133333333333333,6,0.96969696969697,5.81818181818182,0,1.53837014910685e-15,2.0647654623614e-07,NA,-0.999999999999995,NA,NA,0.215274246627492,0.690080771650435,-0.499999999999989,NA,-0.755928946018422,NA,1,NA,0,1.46000965999555e-07,1,1,-0.866025403784439,-1,NA,18,4.24264068711928
57437,2.8,2.66666666666667,2.33333333333333,4,3,0.1,1,NA,0.133333333333333,6,0.939393939393939,5.63636363636364,0,0,2.0647654623614e-07,-0.499999999999989,1,1,1,0.0634979562087552,0.308517296812509,0,1.03238273118071e-07,-0.821994936526831,NA,NA,1,1,Inf,-0.500000000000005,0,-0.5,1,1,18,4.24264068711928
58102,2.6,2.16666666666667,4.5,1,9,0.3,2.12,0.375,0.65,6,1.72727272727273,10.3636363636364,0.246666666666667,-0.125988157669746,-0.359210604053566,0.442373955203812,-0.553911709406991,-0.359210604053558,-0.385758374905226,0.0125618034187755,-0.0837306006215555,-0.188982236504619,-0.377964473009188,-0.431239258496838,0.259865690195286,-0.191459895266872,0.442373955203808,0.279034351812686,-0.376232006411041,-0.192414460721013,-0.731988422102936,-0.377964473009226,-0.377964473009227,-0.51714781297528,1.45833333333333,8.15064236821201
58102,2.6,2.16666666666667,4.5,2,13,0.433333333333333,1.8,0.529411764705882,0.755555555555556,6,2.6969696969697,16.1818181818182,0.419365079365079,0.0252641276079533,0.15811388300843,-0.0400669330593437,-0.278146955583339,-0.380952380952391,-0.360236464181543,0.0530740878458101,-0.315812301712031,-0.27516011202266,-0.36514837166998,-0.26943355713771,-0.0972783725192426,-0.246731885609913,-0.546653260517158,-0.278211021012283,-0.294128032385614,-0.36705505837049,-0.229364150793157,-6.38879359920372e-16,-0.35612680143637,-0.22239374840172,1.45833333333333,8.15064236821201
58102,2.6,2.16666666666667,4.5,3,11,0.366666666666667,1.72727272727273,0.375,0.65,6,2.33333333333333,14,0.246666666666667,0.365384615384613,0.21428571428569,-0.133630620956235,-0.454791000546227,-0.374999999999999,-0.346561291343354,-0.1029428390365,-0.538435148177213,-0.0531914893616864,-0.149071198499888,-0.215645695364277,0.104492301494741,-0.527840952777037,-0.157248255214495,-0.171498585142514,-0.343917969714392,-0.0250313087160906,-0.57505463278529,-0.222222222222223,-0.222222222222214,-0.163461538461547,1.45833333333333,8.15064236821201
58102,2.6,2.16666666666667,4.5,4,16,0.533333333333333,1.5,0.5,0.833333333333333,6,3.36363636363636,20.1818181818182,0.477777777777778,-0.254000254000344,-0.0922531208029238,-0.154288062564218,-0.181568259800648,0.0348155311911434,-0.240971178152107,-0.203861508440161,-0.468277544868865,-0.286794494806076,NA,0.0348155311919246,-0.142857142857143,-0.252087489540941,-0.261851106355007,-0.236912227162929,-0.560448538317809,-0.179605302026779,-0.409906398844854,-0.389249472080771,-0.113592366849414,-0.277350098112601,1.45833333333333,8.15064236821201
58668,1.9,4.58333333333333,3.5,1,5,0.0892857142857143,1.16666666666667,1,0.107142857142857,8,0.909090909090909,7.27272727272727,0.0535714285714286,-0.408248290463862,-0.408248290463875,-0.304290309725093,-0.666666666666667,-0.408248290463864,-0.304290309725093,-0.285714285714287,-0.521763553880536,-0.408248290463863,-0.666666666666643,-0.294828085992003,-0.351191056005037,-0.292596938794122,-0.408248290463865,-0.325300024316176,-0.304290309725092,-0.408248290463863,-0.340408735871891,-0.408248290463855,-0.304290309725092,-0.63891514333789,-4.625,14.7259383697463
58668,1.9,4.58333333333333,3.5,2,0,0,NA,NA,0,8,0,0,0,NA,NA,NA,NA,NA,NA,NA,NA,NA,NA,NA,NA,NA,NA,NA,NA,NA,NA,NA,NA,NA,-4.625,14.7259383697463
58668,1.9,4.58333333333333,3.5,3,4,0.0714285714285714,1.2,0,0.125,8,0.5,4,0.0357142857142857,0.456936766731687,NA,-0.333333333333296,0.727606875108998,-0.56591645841811,0.87038827977849,-0.0138821515508042,0.213021480749018,0.644658371220304,-0.617213399848368,-0.663621192465342,-0.485661864257194,0,-0.577350269189626,0.381528726074437,-0.174077655955698,-0.5,NA,0,-0.707106781186548,Inf,-4.625,14.7259383697463
58668,1.9,4.58333333333333,3.5,4,28,0.5,1.33333333333333,0.75,0.857142857142857,8,4.45454545454545,35.6363636363636,0.625353218210361,-0.0720529753753723,-0.0643648115072668,0.033111912536051,-0.0638504367726869,-0.0420752581292112,0.0528391774004874,0.0329002425670701,-0.0272572191107023,0.024209775220838,-0.248286477407458,-0.0398197249278506,-0.0171470661893781,0.0881782163787936,0.0755774722014815,-0.148229980621703,-0.212511859251626,-0.24931558124361,-0.11726802009113,-0.256813533660571,-0.289254010048325,-0.226596854145463,-4.625,14.7259383697463
58755,1.8,3.16666666666667,5.5,1,4,0.333333333333333,1.33333333333333,0,0.416666666666667,4,1.90909090909091,7.63636363636364,0.166666666666667,NA,-1,-0.333333333333371,-0.333333333333333,-1,-1,-0.724630776560267,-0.870503597122301,NA,NA,-0.333333333333333,-0.999999999998181,-0.333333333333333,NA,-1,NA,-0.333333333333332,NA,-0.999999999999997,-0.999999999999999,NA,7.6875,2.46897414594267
58755,1.8,3.16666666666667,5.5,2,4,0.333333333333333,1.33333333333333,0,0.416666666666667,4,1.90909090909091,7.63636363636364,0.166666666666667,NA,-1.00000000000001,-0.818181818181822,NA,-1,-0.333333333333333,-0.922377198302001,-0.818181818181818,-0.333333333333308,NA,-0.333333333346268,-1,-0.333333333333346,NA,-0.999999999999999,-0.96078431372549,-0.818181818181818,-0.333333333333333,NA,NA,NA,7.6875,2.46897414594267
58755,1.8,3.16666666666667,5.5,3,4,0.333333333333333,1.33333333333333,0,0.416666666666667,4,1.90909090909091,7.63636363636364,0.166666666666667,NA,-0.333333333333333,NA,-0.333333333333333,-1.00000000000001,-1.00000000000001,-0.878345498783455,-0.552511415525114,-0.33333333333333,-0.333333333333333,NA,-1,-0.333333333333333,-0.333333333333333,NA,-0.666666666666668,-0.333333333333334,NA,NA,NA,-0.333333333333333,7.6875,2.46897414594267
58755,1.8,3.16666666666667,5.5,4,4,0.333333333333333,1.33333333333333,0,0.416666666666667,4,1.90909090909091,7.63636363636364,0.166666666666667,-1,-0.999999999999972,-0.999999999999986,-0.333333333333333,-1,-0.333333333333333,-0.910112359550562,-0.993127147766324,-0.333333333333333,NA,NA,-1,-0.818181818181822,-0.333333333333333,-0.818181818181816,-0.925925925925926,-0.818181818181819,NA,NA,NA,-0.333333333333333,7.6875,2.46897414594267
58114,2.8,2.25,4.66666666666667,1,28,0.133333333333333,1.77777777777778,0.538461538461538,0.296031746031746,15,3.30909090909091,49.6363636363636,0.112116402116402,0.753641428128379,0.49755100568418,0.212592610768492,-0.028683207494891,0.84852813742386,0.0866702780035427,-0.1047489356098,-0.173983683072373,0.0556907722864358,-0.0608455435736668,0.195026916792906,0.456499918923278,-0.189189189189217,-0.0276243926723486,9.5945336582223e-14,0.0187894920964292,0.126840267225508,0.429187080872193,0.37283189314127,-0.124901090811392,0.168519759175517,8.5,10.3459393743856
58114,2.8,2.25,4.66666666666667,2,3,0.0142857142857143,1,0,0.0428571428571429,15,0.351515151515152,5.27272727272727,0.0285714285714286,NA,NA,NA,NA,NA,NA,NA,NA,NA,NA,NA,NA,NA,NA,NA,NA,NA,NA,NA,NA,NA,8.5,10.3459393743856
58849,2,3.33333333333333,3.16666666666667,1,3,0.25,1,NA,0.333333333333333,4,1.31818181818182,5.27272727272727,0,1.00000000000001,1,1,0.999999999999981,NA,-0.500000000000021,0.989942377151665,0.991713333645701,-0.499999999999925,-1.23069611928551e-14,-0.986241382612778,-0.981980506062038,1,NA,NA,1,-0.944911182523071,1.00000000000001,NA,-0.499999999999989,-0.500000000000053,-1.0625,1.842778698958
58849,2,3.33333333333333,3.16666666666667,2,3,0.25,1,NA,0.333333333333333,4,0.909090909090909,3.63636363636364,0,-0.499999999999987,-0.999999999999979,NA,-1,-1,NA,1.00000000000068,-0.866025403783996,1,-0.999999999999989,7.87645516342529e-13,0.114707866934848,-1,1,-1,0.500000000000004,0.5,-0.499999999999989,NA,-Inf,1,-1.0625,1.842778698958
58849,2,3.33333333333333,3.16666666666667,3,4,0.333333333333333,1,NA,0.333333333333333,4,1.27272727272727,5.09090909090909,0,-0.333333333333333,-1,0.636363636363638,0.599999999999998,-0.333333333333355,NA,-0.384615384615385,-0.999999999999596,1.42108547152019e-14,7.105427357601e-15,-0.111111111111134,0.285714285714286,0.636363636363636,-0.333333333333333,-0.33333333333333,-0.333333333333333,0.951807228915663,1,1,0.636363636363637,-1.00000000000001,-1.0625,1.842778698958
58849,2,3.33333333333333,3.16666666666667,4,4,0.333333333333333,1,NA,0.333333333333333,4,1.18181818181818,4.72727272727273,0,NA,1,NA,7.10542735760103e-15,NA,-0.333333333333333,-0.818181818183682,-1,NA,-0.333333333333333,-0.0841121495328463,-0.0196078431372549,-0.333333333333333,-1,-0.333333333333335,0.333333333333334,1,0.636363636363631,NA,0.636363636363635,NA,-1.0625,1.842778698958
57314,2.9,2.41666666666667,3.66666666666667,1,11,0.366666666666667,1.45,0.4,0.733333333333333,6,2.87878787878788,17.2727272727273,0.502539682539683,-0.559016994374955,-0.100000000000038,-0.193649167310388,-0.18060549049037,-0.343804820190118,-0.193649167310353,-0.207955950223674,-0.21778485758115,-0.553693022999977,-0.133630620956242,0.119655209381851,NA,-0.550757054728609,0.0118345267082815,-0.423911375998421,-0.35028472205202,-0.173915951401331,NA,-0.494413232473036,0.165831239517771,-0.23904572186686,13.8571428571429,12.2934361115423
57314,2.9,2.41666666666667,3.66666666666667,2,9,0.3,1.5625,0.375,0.65,6,2.33333333333333,14,0.246666666666667,-0.088380697295801,0.286769667338211,0.0229415733870399,0.154418287296437,-0.0849207775608499,-0.176776695296669,0.777181412507839,-0.206468478910883,0.500000000000027,-0.176776695296643,-0.212419607759852,-0.00549450549446508,0.33016908987211,-0.279372118307835,-0.0573539334676421,-0.750000000000079,-0.383990858734733,-0.125000000000004,-0.377964473009224,-0.115470053837926,0.711512473537881,13.8571428571429,12.2934361115423
57314,2.9,2.41666666666667,3.66666666666667,3,10,0.333333333333333,1.33333333333333,0.4,0.733333333333333,6,2.6969696969697,16.1818181818182,0.502539682539683,-0.320256307610174,1.64524450145324e-07,2.60815493073272e-14,3.29048900290652e-07,-0.449088713139076,-0.237782777018222,-0.512253033638662,0.192666533734427,0,-0.327326835354007,-0.0817177846445032,-0.251751584580048,-0.323229967577725,-0.0890870806374795,-0.254823595718833,0.13636363636361,-0.190519397052789,1.64524450145328e-07,-0.464285714285715,-0.0769737008686192,-0.276647500155317,13.8571428571429,12.2934361115423
57314,2.9,2.41666666666667,3.66666666666667,4,10,0.333333333333333,1.6,0.3,0.677777777777778,6,2.72727272727273,16.3636363636364,0.361269841269841,-0.0571661950475045,-0.166666666667089,-0.0618984460590699,0.0506441831391972,-0.408248290463863,-0.180775381515525,-0.325759629681521,-0.159228111885808,-0.246932399162365,1.35961997154282e-07,-0.0203121357909098,-0.53066863051399,-0.0526461643928331,0.0541530361073862,-0.572182211829006,-0.437504734105565,-0.494550245980587,NA,-0.534522483824845,6.25867591901433e-15,-0.271233131200286,13.8571428571429,12.2934361115423
53774,2.8,1.75,5,1,6,0.142857142857143,1.14285714285714,0,0.214285714285714,7,1.09090909090909,7.63636363636364,0.0476190476190476,-0.402077007905961,0.714285714285715,-0.42640143271122,-0.350489143332441,-0.820604231251476,-0.219264504826757,0.373763920641774,-0.291490891917288,-0.262612865719447,-0.55470019622523,-0.289692696087407,0.0502549930187517,-0.476455647710697,-0.264820448851423,-0.511408311956756,0.0899235973995318,0.0899235973995317,0.0899235973995269,0.434400121986664,0.607373393411656,-0.307147558416972,2.57142857142857,20.2472808286046
53774,2.8,1.75,5,2,9,0.214285714285714,1.76190476190476,0.375,0.658730158730159,7,1.27272727272727,8.90909090909091,0.231972789115646,-0.166666666666666,-0.0912870929175283,-0.353553390593275,-0.0607901555832141,-0.353553390593275,-0.353553390593276,NA,NA,NA,NA,NA,NA,NA,NA,-0.447213595499956,-0.447213595499932,-0.447213595499957,-0.447213595499968,-0.447213595499921,-0.447213595499953,-0.44721359549993,2.57142857142857,20.2472808286046
60147,1.4,4.25,4.83333333333333,1,8,0.666666666666667,1.33333333333333,0.6,0.833333333333333,4,2.68181818181818,10.7272727272727,0.438888888888889,-0.599999999999995,-0.657657657657658,-0.657657657657668,-0.657657657657655,-0.657657657657658,-0.530054644808747,-0.946482840412127,-0.400995894666186,-0.599999999999994,1,NA,NA,-0.333333333333355,-0.090909090909088,NA,-0.333333333333371,-0.333333333333332,NA,0.172413793103447,-0.396825396825397,-0.142857142857142,NA,NA
60147,1.4,4.25,4.83333333333333,2,4,0.333333333333333,1.33333333333333,0,0.75,4,0.272727272727273,1.09090909090909,0,NA,NA,NA,NA,NA,NA,NA,NA,NA,NA,NA,NA,NA,NA,NA,NA,NA,NA,NA,NA,NA,NA,NA
60143,2.9,3.83333333333333,3.33333333333333,1,4,0.333333333333333,1.33333333333333,0,0.75,4,0.863636363636364,3.45454545454545,0.5,NA,NA,NA,NA,NA,NA,-0.970210979801474,-0.999134818399493,-Inf,NA,NA,NA,-0.927172649945538,-0.881917103688198,-0.577350269189626,-0.56591645841811,-0.522232967867092,-0.774596669241483,-0.977139836403676,-1,NA,100,NA
60143,2.9,3.83333333333333,3.33333333333333,2,4,0.333333333333333,1.33333333333333,0,0.722222222222222,4,1.59090909090909,6.36363636363636,0.222222222222222,NA,NA,NA,0.229415733870549,-0.229415733870558,NA,-0.948683298050514,-0.749419579430668,-0.577350269189669,-0.192450089729878,NA,NA,-0.50709255283711,-Inf,-0.577350269189626,-0.577350269189637,-0.768349819927835,NA,NA,1.77635683940025e-15,NA,100,NA
57103,2.6,1.75,4.66666666666667,1,2,0.333333333333333,1.33333333333333,0,0.833333333333333,3,1.33333333333333,4,0.333333333333333,-1.00000000000001,NA,NA,NA,NA,-1,1.00000000000004,-1,1,1,NA,NA,0.999999999999986,NA,NA,NA,-1,NA,Inf,-Inf,NA,-0.222222222222222,0.666666666666667
57103,2.6,1.75,4.66666666666667,2,6,1,1,1,1,3,3.87878787878788,11.6363636363636,0.5,-0.5,-0.499999999999904,-0.499999999999989,1,-0.499999999999989,-0.499999999999972,-0.500000000000292,-0.499999999999903,-0.499999999999991,-0.500000000000053,NA,1,-0.499999999999984,-0.499999999999995,-0.499999999999992,-0.499999999999957,-0.500000000000064,-0.499999999999936,-0.499999999999957,-0.499999999999984,-0.499999999999893,-0.222222222222222,0.666666666666667
57103,2.6,1.75,4.66666666666667,3,6,1,1,1,1,3,4,12,0.5,-0.499999999999989,NA,-0.499999999999968,-0.500000000000003,NA,NA,-0.499999999999978,-0.499999999999926,-0.499999999999957,-0.500000000000053,NA,NA,1,-0.499999999999997,NA,1,-0.500000000000021,-0.500000000000021,NA,NA,-0.5,-0.222222222222222,0.666666666666667
58899,2.4,2.33333333333333,3.33333333333333,1,9,0.125,1.25,0,0.222222222222222,9,1.45454545454545,13.0909090909091,0.111111111111111,0.0339499704761655,NA,3.01457752067275e-14,0.342368394008732,-5.91207292428803e-15,0,-0.614317811666436,-0.630366342320712,0.436435780471992,-0.124999999999896,-0.656572393069802,0.866059726278288,0.452097215089733,-0.370809924354786,0.218217890235981,-1.42108547152023e-14,-0.421052631578964,-0.258198889747119,-0.470737847397363,0.750000000000002,0.0384615384615396,5.03846153846154,18.8265361003681
58899,2.4,2.33333333333333,3.33333333333333,2,9,0.125,1.70588235294118,0,0.311111111111111,9,1.09090909090909,9.81818181818182,0.0925925925925926,1.13940320394657e-14,0.722185380728474,0.35355339059326,0.128289501447691,-0.500000000000025,-0.0852802865422449,0.238278199699867,0.000719364146730755,-0.41666666666667,-0.148835139446897,-0.366131889363918,-0.230290111647062,-0.494871659305395,-0.303738263712862,-0.377964473009231,8.20464079523646e-15,0,-0.410997468263405,-0.350000000000048,-0.18898223650462,0.0308020551816779,5.03846153846154,18.8265361003681
58899,2.4,2.33333333333333,3.33333333333333,3,9,0.125,1.38461538461538,0,0.217592592592593,9,1.27272727272727,11.4545454545455,0.0648148148148148,-0.279372118307828,-0.381881307912963,0.751040944289978,-0.811107105653827,3.54724375457275e-14,0.635135135135135,-0.491503355035965,0.00197184257378167,-0.188982236504676,-2.84217094304048e-14,-0.622927059919524,-0.0450816891568619,-0.285714285714312,0.18181818181819,0.158113883008432,-0.353553390593352,-0.181818181818174,-0.693375245281549,-0.0316227766016891,-0.100000000000017,-0.567774973957634,5.03846153846154,18.8265361003681
58530,1.44444444444444,4.25,4,1,16,0.222222222222222,1.81578947368421,0.4,0.694444444444444,9,2.84848484848485,25.6363636363636,0.372256293089626,NA,Inf,NA,0,-0.390867979985341,0.175682092231551,-0.275889461432269,-0.111793523682324,-0.18731716231635,1,NA,NA,-0.0597614304667096,-0.0597614304667015,NA,0.201319057990055,-0.0707992325404656,0.016852602895935,-0.144841364875589,-0.285954187454446,-0.181568259800834,13,8.20568908339411
58530,1.44444444444444,4.25,4,2,4,0.0555555555555556,1,0,0.138888888888889,9,0.707070707070707,6.36363636363636,0.0555555555555556,NA,Inf,NA,NA,0,-Inf,4.23450414292747e-14,0.560194911040395,NA,NA,NA,NA,NA,NA,Inf,-0.140028008402801,0.316227766016838,0,NA,NA,NA,13,8.20568908339411
58652,1.3,4.58333333333333,5,1,4,0.333333333333333,1,NA,0.333333333333333,4,1.45454545454545,5.81818181818182,0,1,NA,NA,0.92156862745098,-0.894736842105263,-0.89473684210526,-0.21906802356722,-0.961456102783726,NA,0.851851851851854,-0.242424242424242,-1,1,NA,NA,NA,NA,-1,NA,NA,-1,20,1.4142135623731
58652,1.3,4.58333333333333,5,2,2,0.166666666666667,1,NA,0.166666666666667,4,0.5,2,0,-1,-1.00000000000003,-1.00000000000003,-0.999999999999997,-1,-1,-0.999999999999999,NA,-1.00000000000001,-1,-1.00000000000015,NA,-1,-0.999999999999996,NA,-1,-1,-1,NA,-0.999999999999999,NA,20,1.4142135623731
58652,1.3,4.58333333333333,5,3,0,0,NA,NA,0,4,0,0,0,NA,NA,NA,NA,NA,NA,NA,NA,NA,NA,NA,NA,NA,NA,NA,NA,NA,NA,NA,NA,NA,20,1.4142135623731
58969,2.4,2.75,5,1,0,0,NA,NA,0,3,0,0,0,NA,NA,NA,NA,NA,NA,NA,NA,NA,NA,NA,NA,NA,NA,NA,NA,NA,NA,NA,NA,NA,8.55555555555556,12.6798177344068
58969,2.4,2.75,5,2,0,0,NA,NA,0,3,0,0,0,NA,NA,NA,NA,NA,NA,NA,NA,NA,NA,NA,NA,NA,NA,NA,NA,NA,NA,NA,NA,NA,8.55555555555556,12.6798177344068
58969,2.4,2.75,5,3,0,0,NA,NA,0,3,0,0,0,NA,NA,NA,NA,NA,NA,NA,NA,NA,NA,NA,NA,NA,NA,NA,NA,NA,NA,NA,NA,NA,8.55555555555556,12.6798177344068
57241,1.7,4,3.33333333333333,1,15,0.136363636363636,1.65625,0.48,0.3,11,1.88429752066116,20.7272727272727,0.171313131313131,-0.088206397360116,1,0.541513850750225,-0.186989398001634,-0.239874305709645,0.51796977028281,-0.861911654491433,0.500008384638895,-0.288675134594608,0.0328266082149235,0.38193304543475,0.0206529087186493,-0.0714285714285722,-0.408248290463862,-0.0929986239508221,-0.147461984766124,-0.291979551073826,-0.289662061010879,1,-0.151619608715781,0.259731240824659,25.7727272727273,33.4544908768743
57241,1.7,4,3.33333333333333,2,9,0.0818181818181818,1.35714285714286,0.75,0.118181818181818,11,1.43801652892562,15.8181818181818,0.0593939393939394,-0.277172971900964,1,1,0.839285714285721,1,0.767981717469464,-0.83563079548991,0.820511851806384,0.592927061281572,0.249999999999977,-0.250523530911115,0.0380971771844577,-0.285714285714285,0.75,0.538815906080324,8.84158192829785e-15,0.162221421130761,-0.278409090909095,1,1,-0.0999999999999982,25.7727272727273,33.4544908768743
57241,1.7,4,3.33333333333333,3,9,0.0818181818181818,1.42857142857143,0.75,0.118181818181818,11,1.43801652892562,15.8181818181818,0.0593939393939394,-0.082278481012658,0.750000000000009,0.749999999999986,0.0169418536892972,0.241966959247915,0.513332286172186,-0.930894124010084,0.568233440957817,-4.2632564145607e-14,0.150755672288879,1,0.329281043469763,-0.124999999999999,1,-0.275092122162155,-0.144337567297407,-0.316164384544954,-0.306897452761707,NA,NA,NA,25.7727272727273,33.4544908768743
57241,1.7,4,3.33333333333333,4,7,0.0636363636363636,1.22222222222222,0.6,0.109090909090909,11,1.27272727272727,14,0.0478787878787879,0.46763811563329,0.615384615384606,0.615384615384611,0.380304365287089,-0.258198889747176,0.520416499866532,0.753483378622237,0.866518926149612,0.320256307610178,-0.369175192260598,-0.49341488744317,0.0564486396008287,NA,NA,0.091287092917541,0.0912870929175248,-0.520597258325804,-0.0867109969524223,NA,NA,NA,25.7727272727273,33.4544908768743
59306,2.6,3,3.33333333333333,1,9,0.0428571428571429,1.5,0,0.106349206349206,15,0.557575757575758,8.36363636363636,0.0365079365079365,-0.188982236504539,-0.277350098112669,-0.395284707520963,-0.151185789203701,-0.499999999999983,0.0958634312413384,0.0375548227462148,0.0835068333492829,0,0.0912870929175087,-0.0193372857266996,-0.134765012362984,0,3.09714819354195e-07,0.024499797877505,-0.653846153846147,-0.227824882100649,0.369175192260596,0.188982236504612,-0.285714285714291,-0.218217890235994,1.29310344827586,12.3997858225556
59306,2.6,3,3.33333333333333,2,15,0.0714285714285714,1.85294117647059,0.214285714285714,0.203174603174603,15,1.30909090909091,19.6363636363636,0.0765079365079365,-0.633865691046425,-0.0578121612578723,-0.100282442112762,0.176949582081518,0.135250445200125,-0.0911353270720474,-0.351089376794259,-0.0559472665652563,-0.141039889076869,0.0664825530915884,0.157166432288062,-0.0578726100720649,0.249999999999955,-0.166372191955807,-0.184293347892227,-0.209102782920529,-0.275933791471503,0.461726332217211,-0.0923514193079204,NA,-0.633928571428572,1.29310344827586,12.3997858225556
59306,2.6,3,3.33333333333333,3,16,0.0761904761904762,1.4,0.333333333333333,0.154761904761905,15,1.64848484848485,24.7272727272727,0.053968253968254,-0.108540814443875,-0.230769230769348,-0.414853573040057,0.240534609406793,-0.234467505975778,-9.47390314346805e-15,0.173837221183168,-0.0933729348468225,-0.607865671644467,0.0872871560943882,0.206660442205163,0.497441510919697,0.188674014103366,-0.255328947917158,-0.299116166108973,0.147892751569352,-0.228969833091683,-0.0899842541331582,1.70666844715321e-15,-0.218217890235992,0.10544220615475,1.29310344827586,12.3997858225556
59306,2.6,3,3.33333333333333,4,15,0.0714285714285714,1.33333333333333,0,0.127777777777778,15,1.33333333333333,20,0.0365079365079365,0.0921095157729659,-0.653275267001299,-0.329977298342779,-0.244989471753048,-0.0411833112910841,-0.416418924017293,0.194940471659486,-0.0236272394662534,-0.490990253031037,-0.0606060606060627,-0.537809978103861,-0.450343539510328,-0.0168406498460389,-0.313730039527289,0.00884944201602321,0.328358208955213,0.298445331904064,0.316257801422331,-0.232495277487633,-0.0714285714285671,-0.325231199598532,1.29310344827586,12.3997858225556
59094,2.1,2.91666666666667,3.83333333333333,1,0,0,NA,NA,0,5,0,0,0,NA,NA,NA,NA,NA,NA,NA,NA,NA,NA,NA,NA,NA,NA,NA,NA,NA,NA,NA,NA,NA,5.2,2.04240754293274
59094,2.1,2.91666666666667,3.83333333333333,2,0,0,NA,NA,0,5,0,0,0,NA,NA,NA,NA,NA,NA,NA,NA,NA,NA,NA,NA,NA,NA,NA,NA,NA,NA,NA,NA,NA,5.2,2.04240754293274
59094,2.1,2.91666666666667,3.83333333333333,3,0,0,NA,NA,0,5,0,0,0,NA,NA,NA,NA,NA,NA,NA,NA,NA,NA,NA,NA,NA,NA,NA,NA,NA,NA,NA,NA,NA,5.2,2.04240754293274
58800,1.8,3.25,4.66666666666667,1,6,0.5,1.25,0.6,0.833333333333333,4,2.13636363636364,8.54545454545455,0.438888888888889,-0.316227766016838,-0.199999999999864,-0.316227766016838,-0.442962996441255,-0.685291005614575,-0.707106781186519,-0.0979561549084782,0.263738120471644,-0.47088160934802,-0.585490553844374,0.139052893524295,-0.480477810683814,0.301511344577763,NA,-0.698536724788383,-0.200000000000027,-0.522232967867105,1,-0.699878924153726,-0.48685382607754,-0.707106781186545,30,48.8262224629348
58800,1.8,3.25,4.66666666666667,2,5,0.416666666666667,1.5,0,0.722222222222222,4,1.81818181818182,7.27272727272727,0.222222222222222,0.666666666666666,-1.00000000000001,1.42108547152018e-14,-0.538381902058165,0.536020168138246,-0.845154254728547,-0.105350683954927,0.0579775760174259,-0.845154254728523,-0.666666666666675,NA,NA,-0.408248290463862,NA,-0.408248290463869,-0.838525491562422,-0.975542118473915,-0.408248290463875,-0.618041621922481,-1,-0.588068083757053,30,48.8262224629348
58800,1.8,3.25,4.66666666666667,3,4,0.333333333333333,1,NA,0.333333333333333,4,1.63636363636364,6.54545454545454,0,0.333333333333333,-0.333333333333333,-1,-0.999999999999993,1,-1,0.0156739811912226,0.0901871809415769,-0.33333333333334,-0.999999999999993,NA,NA,-0.58139534883721,NA,-0.619047619047619,-0.333333333333333,-0.0526315789473684,-0.333333333333378,-0.0526315789473692,0.333333333333333,-0.73134328358209,30,48.8262224629348
58800,1.8,3.25,4.66666666666667,4,5,0.416666666666667,1.5,0,0.722222222222222,4,1.63636363636364,6.54545454545455,0.222222222222222,-0.666666666666666,-0.408248290463875,-0.745355992499935,-0.408248290463868,0.536020168138247,-0.250000000000013,0.224552487999978,-0.276665244977335,-0.745355992499939,0.666666666666667,NA,NA,0.658807845868413,NA,-0.651835873733072,-0.597614304667197,-0.644736842105263,-0.562499999999983,-0.223657519492211,-0.403603676397789,-0.510416666666666,30,48.8262224629348
57539,3.6,2.5,3.66666666666667,1,3,0.5,1.25,0,0.833333333333333,3,0.484848484848485,1.45454545454545,0.333333333333333,-0.114707866935279,NA,-0.802955068546967,-0.755928946018454,-0.944911182523071,NA,-0.290076278383899,-0.971764017228364,NA,-1.00000000000002,-0.499999999997272,-0.499999999997272,-Inf,-0.86602540378444,-0.693375245281537,1.53837014910685e-15,1,-0.693375245281537,NA,NA,-0.499999999999989,0,0
57539,3.6,2.5,3.66666666666667,2,2,0.333333333333333,1,NA,0.333333333333333,3,0.484848484848485,1.45454545454545,0,-1,-1,NA,NA,NA,-0.999999999999997,-1,-1,-1,NA,NA,NA,NA,-1,NA,-1,NA,-1.00000000000001,NA,NA,-1,0,0
57539,3.6,2.5,3.66666666666667,3,3,0.5,1.25,0,0.833333333333333,3,0.727272727272727,2.18181818181818,0.333333333333333,2.58095682795178e-08,Inf,0,NA,-0.999999999999995,1.03238273118071e-07,-0.0602107377362155,-0.990428532541113,-0.499999999999989,-0.499999999999989,NA,NA,-1.00000000000001,-1,Inf,-0.755928946018459,-Inf,0,1,1,0,0,0
57539,3.6,2.5,3.66666666666667,4,3,0.5,1.25,0,0.833333333333333,3,0.666666666666667,2,0.333333333333333,Inf,-0.499999999999989,-0.500000000000005,-1,7.30004829997765e-08,1,0.374070830783245,-0.995870594885823,-0.500000000000005,-0.500000000000016,NA,1,-0.755928946018458,-0.999999999999973,-0.86602540378444,-0.693375245281536,NA,-0.499999999999998,NA,NA,-0.866025403784448,0,0
58539,2.5,2.5,3.83333333333333,1,2,0.166666666666667,1,NA,0.166666666666667,4,0.5,2,0,NA,NA,NA,-1.00000000000001,NA,-1.00000000000001,-1,-0.999999999999998,-0.999999999999998,-1,NA,NA,NA,-1.00000000000001,-1,NA,NA,NA,-1,-1.00000000000001,-1,1.7,19.6245311338188
58539,2.5,2.5,3.83333333333333,2,3,0.25,1,NA,0.333333333333333,4,0.681818181818182,2.72727272727273,0,0.188982236504615,2.0647654623614e-07,-0.86602540378444,-0.999999999999991,-0.755928946018457,-0.944911182523069,0.72484036440103,0.430024463519976,0.142857142857144,0.32732683535399,-1,-1.00000000000003,-0.944911182523072,-0.944911182523073,0.999999999999999,-0.960768922830523,-1,1,-0.499999999999996,1,1.23069611928548e-14,1.7,19.6245311338188
58539,2.5,2.5,3.83333333333333,3,5,0.416666666666667,1.44444444444444,0.75,0.916666666666667,4,1.54545454545455,6.18181818181818,0.544444444444445,-0.422577127364261,-0.408248290463839,-0.408248290463863,-0.422577127364244,-0.534522483824846,-0.327326835353982,-0.451120677403682,-0.517664883862672,-0.612372435695798,-0.327326835354003,-0.225768514449639,-0.246831634152251,-0.327326835353982,-0.408248290463875,0,-0.327326835353966,-0.327326835353982,-0.327326835354004,-0.327326835353996,-0.166666666666657,-1.29726761482414e-14,1.7,19.6245311338188
58539,2.5,2.5,3.83333333333333,4,4,0.333333333333333,1.33333333333333,0,0.75,4,1.36363636363636,5.45454545454545,0.5,NA,NA,-Inf,NA,NA,Inf,NA,NA,NA,-Inf,NA,NA,NA,Inf,-0.870388279778489,-0.870388279778489,-0.870388279778494,-0.870388279778499,-0.87038827977849,-0.870388279778482,-0.870388279778489,1.7,19.6245311338188
59190,2.2,3,3.33333333333333,1,3,0.25,1,NA,0.333333333333333,4,0.818181818181818,3.27272727272727,0,0.327326835353989,-1.00000000000001,1,NA,-0.999999999999999,-0.866025403784457,-1,-0.770562180791912,1,NA,1.00000000000099,-0.0608494845112416,-0.499999999999997,-0.999999999999973,NA,1,-0.499999999999997,1,1,-0.654653670707978,-0.866025403784428,10.9375,6.16948133962653
59190,2.2,3,3.33333333333333,2,4,0.333333333333333,1,NA,0.333333333333333,4,1.22727272727273,4.90909090909091,0,0.636363636363637,-0.333333333333333,NA,1,-1,-1,0.976646426903314,-0.431783220920601,-0.333333333333333,-0.333333333333327,4.54747350886361e-13,-0.370629370629371,NA,NA,-0.33333333333334,-0.333333333333333,-0.333333333333333,-1,-0.333333333333334,-0.925925925925925,-0.333333333333359,10.9375,6.16948133962653
59190,2.2,3,3.33333333333333,3,4,0.333333333333333,1,NA,0.333333333333333,4,1.22727272727273,4.90909090909091,0,1,-0.333333333333283,-0.818181818181809,NA,-0.999999999999999,-0.818181818181809,0.18909410729991,-0.987878787878788,NA,NA,-0.191011235955055,-0.375936095856216,-0.333333333333333,-0.0526315789473684,-0.666666666666669,-0.818181818181818,-0.485714285714286,-0.0526315789473681,-0.333333333333333,-0.8,-0.925925925925926,10.9375,6.16948133962653
59190,2.2,3,3.33333333333333,4,3,0.25,1,NA,0.333333333333333,4,1.04545454545455,4.18181818181818,0,0.785714285714287,NA,NA,1,-0.499999999999989,-1,0.990822325801906,-0.855533723210961,NA,NA,-0.443532762572704,-0.993088241695141,-0.999999999999989,1,NA,1,-Inf,NA,0.884615384615384,-0.970725343394152,-0.999999999999989,10.9375,6.16948133962653
59391,1.9,2.75,3.83333333333333,1,10,0.333333333333333,1.4375,0.666666666666667,0.755555555555556,6,2.39393939393939,14.3636363636364,0.416825396825397,-0.286629745560001,-0.111111111111206,-0.312538153959001,0.16666666666666,0.209121444203257,-0.312538153958997,-0.2476088213263,0.0552499797133951,-0.503089627754062,-0.346262846958311,-0.113075226245806,0.521762112154807,-0.346102651323112,-1.16031142870232e-14,0.10380684981718,-0.249439391346278,-0.159794031054358,-0.362440188146365,NA,-0.036954753506956,-0.412758021580089,28.1111111111111,18.6670168034389
59391,1.9,2.75,3.83333333333333,2,7,0.233333333333333,1.6875,0.333333333333333,0.666666666666667,6,1.96969696969697,11.8181818181818,0.304444444444444,-0.42008402520841,-0.416666666666582,0.0912870929175234,0.241522945769822,0.645497224367903,-0.295803989154957,-0.242539061056719,-0.0149027590654744,-0.14142135623729,-0.623609564462337,-0.181724340169824,-0.659120885416573,-0.702439358686274,-0.749999999999992,-0.403029967967905,-0.427631578947369,-0.26282874151892,-0.378787878787894,6.43803745350028e-08,-0.250386697833597,-0.240192230707617,28.1111111111111,18.6670168034389
59391,1.9,2.75,3.83333333333333,3,6,0.2,1.4,0,0.622222222222222,6,1.57575757575758,9.45454545454546,0.266666666666667,-0.361157559257308,NA,Inf,-Inf,-0.301511344577765,-0.557086014531132,0.342521406233405,-0.450949402369896,-0.727606875109012,NA,0.336111159138108,-0.694312197198034,-0.44721359549996,-0.447213595499963,1.76404818415758e-08,NA,0,NA,-1.25607396694702e-15,NA,0.268328157299975,28.1111111111111,18.6670168034389
60146,2.5,2.83333333333333,4.16666666666667,1,5,0.416666666666667,1.55555555555556,0.6,0.833333333333333,4,1.54545454545455,6.18181818181818,0.438888888888889,-0.428571428571431,-0.504184173365517,3.24316903706032e-15,-0.456435464587632,-0.133630620956223,0.102062072615965,NA,NA,-0.37465377150775,0.408248290463863,NA,NA,1.29726761482412e-14,-0.612372435695795,-0.617578075448782,-0.374653771507752,-0.626224291085149,-0.559016994374947,-0.285714285714288,-0.40824829046386,-0.642857142857151,11,15.556349186104
60146,2.5,2.83333333333333,4.16666666666667,2,4,0.333333333333333,1.33333333333333,0,0.75,4,1.5,6,0.5,-0.0705345615858576,-0.816496580927726,-0.816496580927726,-0.816496580927726,-0.816496580927714,-0.816496580927726,-0.326356975932253,-0.683130051063973,-0.816496580927726,-0.816496580927726,-0.69337524528153,NA,NA,-0.522232967867077,NA,-0.577350269189624,-0.577350269189616,NA,-0.999999999999998,-0.333333333333333,1.16031142870231e-14,11,15.556349186104
58779,2.3,2.58333333333333,2.5,1,23,0.410714285714286,1.6530612244898,0.51063829787234,0.767857142857143,8,5.06818181818182,40.5454545454545,0.440455576169862,-0.184693212591701,-0.119522860933605,-0.221786732687004,-0.116789400579632,0.0642161299067944,0.0505076272276485,-0.154738560982726,-0.224550218824687,-0.177704663327738,-0.10448925095474,-0.282813955264445,-0.252793961976404,-0.0456319071505545,-0.459223133003864,0.0249395510085047,NA,-0.0716761121382676,-0.223265162141596,0.030082841879804,-0.0804216310148008,0.0639137490705964,13.8636363636364,19.0695355514283
58779,2.3,2.58333333333333,2.5,2,12,0.214285714285714,1.25,0.6,0.392857142857143,8,2.45454545454545,19.6363636363636,0.215816326530612,0.0440264237837866,-0.213200716355826,0.191805363999197,0.117237965407786,0.290564566584771,0.53558251953899,-0.192931030782308,-0.308164235151759,-0.504219484089597,-0.097590007294832,0.423259137988581,-0.0831468943085345,0.342997170285029,0.654288656087619,-0.11826247919782,0.250085778009042,-0.209529088730873,0.378744586270587,0.408248290463864,-0.174077655955699,-0.232889003895846,13.8636363636364,19.0695355514283
58779,2.3,2.58333333333333,2.5,3,8,0.142857142857143,1.73333333333333,0,0.318452380952381,8,1.65909090909091,13.2727272727273,0.101190476190476,-0.313339780720254,-0.218217890236164,0.458349248514104,-0.033257461478722,-0.14285714285715,0.636363636363629,0.483066935712682,-0.312300239443661,0.49607937905148,0.635000635000952,-0.0597537773681483,-0.21821789023598,0.659699245700312,-0.237458736043461,0.863575539176745,0.410381741373439,-0.203653269990642,0.340166761526164,-0.302613766334403,-0.44008622942335,0.142857142857142,13.8636363636364,19.0695355514283
58850,1,2.58333333333333,4.33333333333333,1,9,0.1,1.25,0.5,0.166666666666667,10,1.78181818181818,17.8181818181818,0.0807407407407407,0.577350269189626,1,NA,-0.462910049886277,-0.458831467741123,-0.386363636363636,0.0946173399444712,0.29369752893089,-0.124999999999999,NA,NA,NA,1,NA,0,-1.1165101928418e-15,-0.346843987809642,NA,1,5.84003863998216e-08,NA,4.38461538461539,11.3823857100979
58850,1,2.58333333333333,4.33333333333333,2,25,0.277777777777778,2.20987654320988,0.612244897959184,0.62962962962963,10,4.21818181818182,42.1818181818182,0.293302869969537,-0.0312195270527217,1,1,0.282051282051277,0.0102189889914165,-0.0277162543849171,-0.0591085927353732,0.127723388597368,0.0181871632208819,-0.147781606354244,-0.197468887679681,-0.261179495147075,-0.0869565217391791,1,-0.00496756829588535,-0.0458349248513214,-0.0722347629796897,-0.147441956154861,-0.015144563320384,0.0636027314143679,0.0169057016556364,4.38461538461539,11.3823857100979
58850,1,2.58333333333333,4.33333333333333,3,18,0.2,2.02127659574468,0.413793103448276,0.503703703703704,10,3.03636363636364,30.3636363636364,0.205555555555556,0.597614304667198,NA,NA,0.101921026835942,-0.148936170212767,-0.161225169613375,-0.238101232077937,0.511222257390357,-0.163592625936314,-0.205270501997666,-0.264352373742091,0.230815221316872,-0.125000000000004,-0.383994083692291,-0.182311526821429,-0.069930069930076,-0.0874385413745525,-0.124999999999952,0.426797532594786,-0.155879066730196,0.118881118881114,4.38461538461539,11.3823857100979
58850,1,2.58333333333333,4.33333333333333,4,20,0.222222222222222,2.12962962962963,0.441176470588235,0.596296296296296,10,3.27272727272727,32.7272727272727,0.25668430335097,-0.0691626890820307,1,-0.14002800840253,0.0793889957117385,-0.111111111111124,0.0397464316758539,0.32398348986396,0.451454697533628,-0.140028008403078,0.288675134594807,0.360981099370624,-0.122317877714477,-0.324512576260399,-0.224945667394164,-0.219338862475312,-0.0580258853185659,0.0495114223649268,NA,-0.317328141641481,0.0058707515564584,0.142223626907008,4.38461538461539,11.3823857100979
59099,2,2.66666666666667,4.5,1,155,0.738095238095238,1.3047619047619,0.93906510851419,0.966666666666667,15,13.9151515151515,208.727272727273,0.870488678563213,-0.0255182231800216,-0.099415320330035,-0.0818559866993578,-0.0756120082271595,-0.0453639178657875,-0.100496573125193,-0.0724924744846977,-0.0849414552343658,-0.0891950367305391,-0.0568746936668084,1,1,-0.0846537874508348,-0.104946734553856,-0.076919692906875,-0.0664375702788926,-0.0681820644424588,-0.076453182889803,NA,-0.0820336419199291,-0.0865605279641417,0,0
59099,2,2.66666666666667,4.5,2,70,0.333333333333333,1.97142857142857,0.611413043478261,0.747619047619048,15,7.56363636363636,113.454545454545,0.494611666055814,-0.100685689980447,0.0791305544509087,0.0791305544510735,0.074015252299293,-0.0624031559516618,-0.0257179539708068,0.140220040131402,0.19581161687793,0.00720731250047747,0.00720731250150116,NA,NA,-0.0425024175042922,-0.042502417504298,-0.0527728993499425,-0.0434903414992103,-0.0907935392339566,0.0200279441709626,-0.075377836144468,-0.0248136375037671,-0.0787050318664461,0,0
59144,3.4,2.25,3.33333333333333,1,10,0.333333333333333,2.33333333333333,0.5625,0.744444444444444,6,2.33333333333333,14,0.373015873015873,-0.210293432625505,-0.607142857142828,-0.555555555555551,-0.0919133789039974,-0.27104007908321,-0.256646303203615,-0.238889833559555,-0.41937106841467,-0.284640571710648,-0.583333333333348,-0.403238919272708,0.0265279054538834,-0.44946657497549,-0.477272727272733,-0.250000000000006,-0.249999999999993,-0.249999999999987,-0.218217890235991,-0.322212038891543,-0.102657886624372,-0.530668630505247,0.416666666666667,2.06243137786589
59144,3.4,2.25,3.33333333333333,2,8,0.266666666666667,1.27272727272727,0.6,0.4,6,1.45454545454545,8.72727272727273,0.175555555555556,NA,NA,NA,1,NA,NA,-0.447213595499958,-0.333333333336567,1,NA,NA,NA,1,NA,1,NA,NA,1,1,NA,NA,0.416666666666667,2.06243137786589
59144,3.4,2.25,3.33333333333333,3,6,0.2,1.44444444444444,0,0.355555555555556,6,1.09090909090909,6.54545454545454,0.0888888888888889,NA,NA,NA,1,1,1,-0.707106781186869,1,NA,1,NA,-0.316227766017097,1,1,1,NA,1,NA,-0.316227766016821,-0.316227766016829,NA,0.416666666666667,2.06243137786589
59144,3.4,2.25,3.33333333333333,4,6,0.2,1.44444444444444,0,0.355555555555556,6,1.09090909090909,6.54545454545454,0.0888888888888889,NA,NA,1,NA,NA,1,0.707106781187673,-0.199999999999727,1,1,1,1,NA,NA,1,NA,NA,NA,0.333333333333333,0.333333333333333,-0.199999999999991,0.416666666666667,2.06243137786589
59220,2.3,2.5,5.16666666666667,1,4,0.666666666666667,1.33333333333333,0,0.833333333333333,3,1.27272727272727,3.81818181818182,0.333333333333333,-0.111111111111111,-0.333333333333333,-0.666666666666668,-0.0526315789473692,-0.0526315789473676,-0.925925925925926,-0.589763474214812,-0.0526315789473684,-0.333333333333331,-0.333333333333333,-0.780487804878044,-1,-0.731343283582089,-0.11111111111111,-0.333333333333333,-0.333333333333333,-0.818181818181816,-0.333333333333333,-0.333333333333333,-0.333333333333333,-0.333333333333321,38.5,21.435951110226
59220,2.3,2.5,5.16666666666667,2,3,0.5,1.5,1,1,3,0.96969696969697,2.90909090909091,0.5,-0.500000000000004,-0.499999999999996,-0.500000000000001,-0.499999999999999,-0.499999999999996,-0.500000000000004,-0.500000000000005,-0.500000000000008,NA,NA,NA,NA,1,NA,NA,NA,NA,1,NA,NA,NA,38.5,21.435951110226
59220,2.3,2.5,5.16666666666667,3,2,0.333333333333333,1,NA,0.333333333333333,3,0.727272727272727,2.18181818181818,0,NA,NA,NA,NA,NA,-1,-1,-1.00000000000007,-1,-1.00000000000001,-1,-1.00000000000091,-1,NA,-1,NA,NA,-1.00000000000001,-1,NA,NA,38.5,21.435951110226
59220,2.3,2.5,5.16666666666667,4,2,0.333333333333333,1,NA,0.333333333333333,3,0.727272727272727,2.18181818181818,0,NA,NA,NA,NA,-1,-1,-0.999999999999798,NA,NA,NA,-1.00000000000182,-0.999999999999772,NA,-0.999999999999998,NA,-1,NA,NA,-0.999999999999986,-1,NA,38.5,21.435951110226
59251,2.7,3,3.16666666666667,1,8,0.142857142857143,1.2,0.75,0.196428571428571,8,1.77272727272727,14.1818181818182,0.0892857142857143,-0.258198889747161,-0.218217890235992,-0.21821789023611,0.0215916758543572,0.220847116289625,0.833333333333333,0.449037930469198,-0.348018381464321,-0.333333333333371,0.0181818181818181,NA,NA,-0.398216086792005,-0.42107596053325,0.138214738143788,0.287529866512747,-0.375241070254657,-0.0666666666665697,-0.774596669241483,-0.70714616444878,-0.0357370844945952,0.5625,1.78768938390687
59251,2.7,3,3.16666666666667,2,10,0.178571428571429,1.66666666666667,0.5,0.336309523809524,8,2.09090909090909,16.7272727272727,0.119047619047619,-0.0679768617367162,1,-0.166666666666772,-0.398409536444763,-0.225876975726296,0.0834783871129419,0.0440176552783012,-0.0244548330367461,-0.130233966843393,-0.245906008705437,-0.118968139014235,-0.133630620956408,-0.428157145949296,-0.372238279817648,-0.285411560521145,-0.205917981971985,-0.305555555555554,-0.152647975077885,NA,-0.468292905790847,-0.236398622057402,0.5625,1.78768938390687
58971,1.7,3.58333333333333,4,1,0,0,NA,NA,0,3,0,0,0,NA,NA,NA,NA,NA,NA,NA,NA,NA,NA,NA,NA,NA,NA,NA,NA,NA,NA,NA,NA,NA,5,13.7021896060447
58971,1.7,3.58333333333333,4,2,0,0,NA,NA,0,3,0,0,0,NA,NA,NA,NA,NA,NA,NA,NA,NA,NA,NA,NA,NA,NA,NA,NA,NA,NA,NA,NA,NA,5,13.7021896060447
58971,1.7,3.58333333333333,4,3,0,0,NA,NA,0,3,0,0,0,NA,NA,NA,NA,NA,NA,NA,NA,NA,NA,NA,NA,NA,NA,NA,NA,NA,NA,NA,NA,NA,5,13.7021896060447
57955,1.6,2.58333333333333,5.16666666666667,1,5,0.25,1.16666666666667,0,0.35,5,1.6,8,0.1,-0.991460133983668,NA,-0.249999999999991,0.687500000000002,-0.408248290463851,-0.342997170285033,-0.648675492714396,-0.223956897038378,1,1,-0.250000000000015,-0.0213151116048616,0.455149563681758,-0.408248290463859,-0.250000000000027,0.666666666666659,-1.05921457205216e-14,-0.40824829046395,-0.616315634427934,0.534522483824854,0.403603676397786,19.375,21.5535048525425
57955,1.6,2.58333333333333,5.16666666666667,2,5,0.25,1.90909090909091,0,0.641666666666667,5,1.12727272727273,5.63636363636364,0.183333333333333,-0.25,-0.666666666666643,-0.612372435695768,-0.333333333333333,-0.74999999999999,-0.218217890235982,-0.0500224931417314,0.384188035249109,0.218217890235994,-0.44226898133585,-0.640464030807015,0.101360606759923,-0.366899692852663,-8.81319796442942e-15,0,-0.801783725737258,-0.375000000000007,-0.304290309725098,-0.597614304667198,-0.5,-0.40824829046387,19.375,21.5535048525425
59260,2.6,2.41666666666667,4.16666666666667,1,0,0,NA,NA,0,4,0,0,0,NA,NA,NA,NA,NA,NA,NA,NA,NA,NA,NA,NA,NA,NA,NA,NA,NA,NA,NA,NA,NA,2.5,8.66025403784439
59260,2.6,2.41666666666667,4.16666666666667,2,2,0.166666666666667,1,NA,0.166666666666667,4,0.545454545454545,2.18181818181818,0,NA,NA,NA,-1,-1,NA,-1.00000000000002,-0.999999999999997,NA,NA,NA,NA,-1,NA,NA,NA,NA,NA,-1,NA,-1,2.5,8.66025403784439
59260,2.6,2.41666666666667,4.16666666666667,3,0,0,NA,NA,0,4,0,0,0,NA,NA,NA,NA,NA,NA,NA,NA,NA,NA,NA,NA,NA,NA,NA,NA,NA,NA,NA,NA,NA,2.5,8.66025403784439
59400,2.4,3,3.66666666666667,1,3,0.15,1.25,0,0.25,5,0.654545454545455,3.27272727272727,0.1,1,NA,1,NA,NA,NA,1,3.50402318398612e-06,1,NA,NA,NA,NA,1,NA,NA,1,NA,-0.5,0,-1,NA,NA
59400,2.4,3,3.66666666666667,2,1,0.05,1,NA,0.1,5,0.218181818181818,1.09090909090909,0,NA,NA,NA,NA,NA,NA,NA,NA,NA,NA,NA,NA,NA,NA,NA,NA,NA,NA,NA,NA,NA,NA,NA
59400,2.4,3,3.66666666666667,3,0,0,NA,NA,0,5,0,0,0,NA,NA,NA,NA,NA,NA,NA,NA,NA,NA,NA,NA,NA,NA,NA,NA,NA,NA,NA,NA,NA,NA,NA
59400,2.4,3,3.66666666666667,4,0,0,NA,NA,0,5,0,0,0,NA,NA,NA,NA,NA,NA,NA,NA,NA,NA,NA,NA,NA,NA,NA,NA,NA,NA,NA,NA,NA,NA,NA
57800,2.3,3.83333333333333,4.5,1,5,0.25,1.16666666666667,0,0.35,5,0.509090909090909,2.54545454545455,0.1,-0.529850746268658,-0.408248290463844,-0.408248290463864,-0.25,0.534522483824851,NA,0.378059441274972,0.635657711927714,-0.249999999999999,-0.249999999999982,NA,-1,1,-0.808510638297872,1,-0.363636363636363,0.875,NA,1,-0.249999999999996,-0.645497224367929,1.66666666666667,3.05505046330389
57800,2.3,3.83333333333333,4.5,2,5,0.25,1.55555555555556,0,0.666666666666667,5,0.909090909090909,4.54545454545455,0.283333333333333,-0.147441956154897,-0.250000000000018,0.874999999999998,0.0490290337845467,-0.880704845927968,-0.583333333333339,0.779052445080478,0.640054900214315,-0.0800640769025448,NA,NA,NA,-0.666666666666671,-0.395284707521046,-0.687499999999997,-7.10542735760105e-15,0.408248290463863,0.745601135079325,NA,-0.249999999999999,-0.196116135138183,1.66666666666667,3.05505046330389
57800,2.3,3.83333333333333,4.5,3,5,0.25,1.16666666666667,0,0.35,5,0.945454545454545,4.72727272727273,0.1,0.190940653956494,-0.408248290463849,-0.408248290463835,6.00518216294089e-15,-0.838525491562413,-0.250000000000027,0.274206853625284,0.379726003409222,-0.845154254728512,-0.249999999999982,NA,NA,-0.249999999999993,NA,-0.249999999999999,-0.472866243743462,NA,-0.25,NA,NA,-0.922330984215781,1.66666666666667,3.05505046330389
58236,3.2,2.33333333333333,3.5,1,8,0.4,1.5,0.428571428571429,0.733333333333333,5,1.81818181818182,9.09090909090909,0.346666666666667,-0.79639549064452,-0.447213595499958,0,0.066666666666656,0.37928372474461,-0.124003205678024,-0.108112495523465,0.525176650922586,0.00955855221838795,-0.447213595499979,Inf,NA,-0.0742383246215833,-0.0717496003334173,0.396098644887721,-0.0717496003334134,-0.367450786257541,-0.447213595499954,0.449345734383184,-0.410391340834062,-0.0736649499659359,0,0
58236,3.2,2.33333333333333,3.5,2,14,0.7,1.3,0.875,0.95,5,5.34545454545455,26.7272727272727,0.667857142857143,-0.175411603861387,-0.272727272727269,-0.272727272727282,-0.378932373372538,-0.493948407636384,-0.276449048277519,-0.216908242511132,-0.25745830546078,-0.21113733998187,-0.04303314829113,NA,NA,NA,-0.272727272727332,-0.230283093235921,-0.276738895448632,-0.11729168263254,-0.272727272727281,-0.0381523796858255,-0.19010781070058,-0.191538313928681,0,0
58236,3.2,2.33333333333333,3.5,3,10,0.5,1,0.789473684210526,0.9,5,4,20,0.596904761904762,-0.272165526975913,-0.218217890235977,-0.282051282051254,-0.305887645160723,-0.533863799059751,-0.282051282051258,0.408248290463865,0.374185169003583,-0.0267471480702022,-0.408248290463863,NA,NA,-0.516811394121701,-0.188352643739174,-0.411502353504602,-0.305887645160782,-0.398732691903867,0.0391930900834845,0.36220239859881,-0.272165526975919,0.208514414057073,0,0
59142,2.9,2.16666666666667,2.66666666666667,1,3,0.15,1.25,0,0.25,5,0.872727272727273,4.36363636363636,0.1,NA,NA,-0.693375245281551,-1.00000000000001,0.18898223650461,-1.00000000000004,-0.983444391998918,-0.739014349505195,-0.499999999999989,-0.500000000000021,NA,NA,-0.944911182523073,-0.917662935482247,NA,-1,NA,-0.866025403784439,0.277350098112615,-0.500000000000001,-0.999999999999925,-3,22.248595461287
59142,2.9,2.16666666666667,2.66666666666667,2,3,0.15,1.25,0,0.25,5,1.01818181818182,5.09090909090909,0.1,NA,NA,-0.654653670707989,NA,-1,-0.5,-0.114707866935279,-3.93822758171357e-15,NA,NA,-0.640464030806732,-0.6025490242571,NA,1.46000965999552e-07,NA,NA,1,-0.188982236504609,NA,-1,-0.500000000000021,-3,22.248595461287
59243,2.5,3,3.66666666666667,1,2,0.166666666666667,1,0,0.416666666666667,4,0.545454545454545,2.18181818181818,0.166666666666667,NA,NA,NA,NA,NA,NA,-Inf,Inf,NA,NA,NA,NA,NA,NA,NA,NA,NA,-Inf,NA,NA,Inf,-3.53333333333333,10.3638566088847
59243,2.5,3,3.66666666666667,2,4,0.333333333333333,1.2,0,0.722222222222222,4,1.09090909090909,4.36363636363636,0.222222222222222,NA,Inf,NA,NA,NA,NA,-0.530314422297327,0.521543778562709,NA,NA,-0.196732016998768,NA,NA,NA,NA,NA,NA,NA,-0.301511344577765,-0.577350269189631,NA,-3.53333333333333,10.3638566088847
59243,2.5,3,3.66666666666667,3,3,0.25,1.25,0,0.416666666666667,4,0.818181818181818,3.27272727272727,0.166666666666667,NA,1,NA,1,NA,NA,-0.986666070043373,-0.958949552936226,NA,NA,-0.998906107238677,-0.788723006725109,NA,NA,NA,1,NA,NA,NA,NA,NA,-3.53333333333333,10.3638566088847
59243,2.5,3,3.66666666666667,4,2,0.166666666666667,1,NA,0.166666666666667,4,0.545454545454545,2.18181818181818,0,-1,-1,-1,-1,-0.999999999999972,-0.999999999999986,-1,-1,NA,NA,-1,-1,NA,NA,NA,NA,NA,-0.999999999999986,NA,NA,NA,-3.53333333333333,10.3638566088847
59432,2.1,2.5,4.83333333333333,1,0,0,NA,NA,0,2,0,0,0,NA,NA,NA,NA,NA,NA,NA,NA,NA,NA,NA,NA,NA,NA,NA,NA,NA,NA,NA,NA,NA,21,29.698484809835
59432,2.1,2.5,4.83333333333333,2,0,0,NA,NA,0,2,0,0,0,NA,NA,NA,NA,NA,NA,NA,NA,NA,NA,NA,NA,NA,NA,NA,NA,NA,NA,NA,NA,NA,21,29.698484809835
55177,2.7,2.16666666666667,3.66666666666667,1,0,0,NA,NA,0,3,0,0,0,NA,NA,NA,NA,NA,NA,NA,NA,NA,NA,NA,NA,NA,NA,NA,NA,NA,NA,NA,NA,NA,3.83333333333333,12.5286338707246
55177,2.7,2.16666666666667,3.66666666666667,2,0,0,NA,NA,0,3,0,0,0,NA,NA,NA,NA,NA,NA,NA,NA,NA,NA,NA,NA,NA,NA,NA,NA,NA,NA,NA,NA,NA,3.83333333333333,12.5286338707246
59413,2.6,1.91666666666667,3.83333333333333,1,4,0.0714285714285714,1.2,0,0.125,8,0.636363636363636,5.09090909090909,0.0357142857142857,-0.800326730665041,-0.522232967867096,-0.374634324632674,0.187317162316336,-0.422890031611031,0.577350269189626,0.488915791900425,0.663230240549828,NA,-0.999999999999993,-0.952939555940908,NA,-0.577350269189642,-0.818181818181813,-1,-0.333333333333333,-0.555555555555554,-1,0,-0.333333333333333,0.636363636363636,8.27777777777778,13.5203791956724
59413,2.6,1.91666666666667,3.83333333333333,2,2,0.0357142857142857,1,NA,0.0357142857142857,8,0.431818181818182,3.45454545454545,0,-1,-1,-1,-1,-0.999999999999998,-0.999999999999999,-1,-1,-1,NA,NA,-1,-1,NA,NA,-1,-0.999999999999996,-1,-1,-1.00000000000001,NA,8.27777777777778,13.5203791956724
59413,2.6,1.91666666666667,3.83333333333333,3,3,0.0535714285714286,1,NA,0.0714285714285714,8,0.568181818181818,4.54545454545454,0,-0.188982236504615,-0.499999999999957,NA,-0.18898223650461,-0.866025403784439,-0.866025403784445,0.941853457454672,0.782188792696113,-Inf,-0.188982236504617,-0.981980506061961,0,0.188982236504612,0.277350098112616,-0.499999999999957,1,NA,-0.999999999999979,NA,-0.866025403784434,Inf,8.27777777777778,13.5203791956724
54336,3.2,1.75,2.5,1,4,0.333333333333333,1.33333333333333,0,0.75,4,1.36363636363636,5.45454545454545,0.5,NA,NA,-Inf,-1,-0.471404520791032,-0.0975900072948533,-0.653197264742178,-0.258198889747165,0,0.258198889747161,NA,NA,-0.577350269189626,-Inf,0.0808452083454443,-0.816496580927726,-0.0808452083454443,NA,-1,0.33333333333333,-0.522232967867094,0,0
54336,3.2,1.75,2.5,2,6,0.5,1.5,0,0.75,4,1.36363636363636,5.45454545454545,0.5,-1,NA,-0.199999999999999,-0.499999999999989,1,-0.157894736842102,-0.695652173913041,-0.913513513513517,-0.500000000000015,-0.124999999999998,-0.200000000000001,-0.2,-1,-0.485148514851484,-0.199999999999998,-0.5,-0.692307692307693,-0.199999999999999,-0.0588235294117638,-0.0588235294117651,-0.363636363636362,0,0
59125,2.4,2.75,4.33333333333333,1,13,0.30952380952381,1.63333333333333,0.631578947368421,0.547619047619048,7,3.14285714285714,22,0.357142857142857,-0.345975493940915,-0.365148371670156,-0.499864846598417,0.0514344499874097,-0.499864846598413,-0.527046276694795,-0.348475611346388,-0.443547607815416,-0.219577516413413,-0.349727318995331,-0.510065990724599,-0.0273178795146506,-0.0975900072948952,-0.253108750162585,-0.527046276694696,-0.149071198500197,-0.529411764705845,-0.233549683248441,-0.324654734855524,-0.527046276694726,-0.233549683248407,19.6666666666667,13.5289812378218
59125,2.4,2.75,4.33333333333333,2,8,0.19047619047619,1.42857142857143,0.375,0.357142857142857,7,2.07792207792208,14.5454545454545,0.23015873015873,-0.249999999999999,-0.577350269189623,0.0666666666666667,-0.142857142857134,-0.142857142857143,-0.218217890235878,-0.597801261805612,0.319782766139284,0.577350269189646,-0.711555591959492,-0.772459846772761,-0.267202262242602,-0.0605227532668779,-0.218217890236001,-0.21821789023599,-0.142857142857257,0.0666666666666237,-0.142857142857069,-0.71155559195951,0.577350269189626,-0.0788110406239108,19.6666666666667,13.5289812378218
59125,2.4,2.75,4.33333333333333,3,8,0.19047619047619,1.42857142857143,0.375,0.357142857142857,7,2.02597402597403,14.1818181818182,0.23015873015873,-0.772459846772655,NA,-0.577350269189643,-0.63500063500096,-0.774596669241489,-0.333333333333333,-0.741407083781992,-0.707902333691792,-0.0256410256410256,-0.531085004543794,0.0304290309725092,-0.0251224059188123,-0.72739296745331,-0.577350269189627,-0.218217890235998,-0.199999999999945,0.577350269189624,-0.389249472080761,-0.838870492807856,-0.254000254000402,0.379071252751719,19.6666666666667,13.5289812378218
59101,2.8,2.08333333333333,3.66666666666667,1,3,0.5,1.25,0,0.833333333333333,3,1.63636363636364,4.90909090909091,0.333333333333333,0.188982236504614,-1.23069611928549e-14,-0.500000000000005,0,-0.866025403784449,NA,-0.583323988861398,0.101360606759923,1.68587394043572e-07,-0.500000000000043,-1,NA,-0.188982236504613,0,1.23069611928548e-14,-1.23069611928548e-14,0.18898223650461,1.46000965999554e-07,NA,1.23069611928546e-14,0.188982236504612,11.9,11.742136848878
59101,2.8,2.08333333333333,3.66666666666667,2,3,0.5,1.25,0,0.833333333333333,3,1.57575757575758,4.72727272727273,0.333333333333333,NA,-1.23069611928551e-14,0,0.327326835353986,0.188982236504626,0.18898223650461,0.0368271462105192,0.130549464056926,-1.23069611928549e-14,NA,-0.977355554850438,NA,-1,-0.500000000000002,NA,-0.500000000000021,0,-0.755928946018457,1,-0.499999999999973,4.8666988666518e-08,11.9,11.742136848878
59101,2.8,2.08333333333333,3.66666666666667,3,2,0.333333333333333,1,0,0.833333333333333,3,1.03030303030303,3.09090909090909,0.333333333333333,-Inf,NA,NA,-Inf,Inf,NA,NA,NA,NA,NA,NA,NA,NA,NA,NA,NA,NA,NA,NA,NA,-Inf,11.9,11.742136848878
59101,2.8,2.08333333333333,3.66666666666667,4,4,0.666666666666667,1.33333333333333,0,0.833333333333333,3,1.87878787878788,5.63636363636364,0.333333333333333,-0.0526315789473676,0,0,-0.0526315789473716,-0.333333333333344,-0.333333333333333,-0.100871731008717,-0.0407993338884263,-0.333333333333333,-0.666666666666666,-0.333333333333331,-0.0230840258541091,-0.333333333333333,-0.333333333333333,-0.333333333333333,-0.333333333333327,-0.333333333333333,-0.333333333333333,NA,NA,-0.11111111111111,11.9,11.742136848878
58119,2.2,2.75,4,1,14,0.333333333333333,2.19047619047619,0.555555555555556,0.746031746031746,7,2.28571428571429,16,0.399055177626606,-0.191074288656077,-0.2075695218065,-0.161514570617457,0.00820858722628923,-0.28386647790182,-0.362447607015346,-0.111316659128589,-0.299045656989986,-0.145989290618449,-0.278423023194855,-0.208415678732744,-0.206449848124425,-0.148466373366676,-0.389249472080799,0.0309146952378764,-0.389249472080695,-0.144841364875678,0.306917211486497,-0.0739221270954456,-0.291491544065104,0.320256307610173,10.7692307692308,25.8107014180612
58119,2.2,2.75,4,2,12,0.285714285714286,1.80769230769231,0.473684210526316,0.690476190476191,7,2.64935064935065,18.5454545454545,0.336848072562358,-0.0534331685145241,-0.330326205266774,-0.200000000000048,-0.17566201313075,0.259919329227054,-0.417786374293681,-0.187162180889647,-0.306726911827458,0.0850230301897791,-0.258198889747192,-0.52679014409576,-0.253879019182633,-0.0851133187060287,-0.261711961295119,0.257052330464411,-0.212198356706912,0.138675049056316,-0.0337163794058988,-0.379980297828668,0,3.32840979677425e-14,10.7692307692308,25.8107014180612
59143,2.7,3.16666666666667,5.33333333333333,1,7,0.166666666666667,1,1,0.19047619047619,7,1.66233766233766,11.6363636363636,0.0714285714285714,0.0757554019078536,-0.400000000000012,-0.423659272868162,0.48780487804878,0.336910140507433,-0.304290309725092,1,0.793402153356509,0.487804878048782,0,0.944234800838573,0.52759476098906,1,0.0925925925925935,-0.506555268918612,-0.483045891539652,-0.470120863803971,-0.57620813104006,-Inf,0.0365575125067554,0.192307692307692,12.6923076923077,30.0732012911402
59143,2.7,3.16666666666667,5.33333333333333,2,13,0.30952380952381,1.5,0.375,0.670634920634921,7,2.96103896103896,20.7272727272727,0.284353741496599,0.392045389171365,-0.181818181818187,-0.297108325016632,0.309035023100373,0.282889474930497,0.36585365853661,0.0379594266783523,0.4091217174059,0.406089788823566,-0.14868770489912,0.668182806459255,0.166450075715291,-0.0124872071656295,0.148780655804809,0.304497785216593,0.56960361292926,-0.455741052244654,0.0590976441285719,NA,-0.293150984988962,0.268018439930763,12.6923076923077,30.0732012911402
58820,1.6,3.5,4.16666666666667,1,0,NA,NA,NA,NA,1,0,0,NA,NA,NA,NA,NA,NA,NA,NA,NA,NA,NA,NA,NA,NA,NA,NA,NA,NA,NA,NA,NA,NA,-0.5,0.707106781186548
58820,1.6,3.5,4.16666666666667,2,0,NA,NA,NA,NA,1,0,0,NA,NA,NA,NA,NA,NA,NA,NA,NA,NA,NA,NA,NA,NA,NA,NA,NA,NA,NA,NA,NA,NA,-0.5,0.707106781186548
57289,2.8,2.33333333333333,3.33333333333333,1,7,0.233333333333333,1.125,0.6,0.4,6,1.36363636363636,8.18181818181818,0.175555555555556,-0.414780677892169,9.10475988180604e-08,-0.382276425771294,0.134534558799258,-0.166666666666738,0.196418550329592,-0.394808731859486,-0.464680300269284,-0.355995327591996,-0.555555555555549,NA,NA,0.188025358272587,NA,-0.231591778293291,-0.443093129871288,-0.353553390593276,-0.413378580988487,-0.166666666666663,-0.669066718066326,-0.440385506050547,4,8.94427190999916
57289,2.8,2.33333333333333,3.33333333333333,2,6,0.2,1.25,0,0.355555555555556,6,1.18181818181818,7.09090909090909,0.0888888888888889,NA,Inf,-0.420288395945477,-0.707106781186572,-0.316227766016823,0.168231646227613,-0.673465351028802,-0.673067704044838,-0.165144564768956,1,-1,NA,0.559010775439539,0.707106781186547,0.119522860933434,-0.169975025912522,0.327586206896552,-0.28967673658403,NA,-0.346687622640768,-0.374011220504931,4,8.94427190999916
57289,2.8,2.33333333333333,3.33333333333333,3,6,0.2,1.25,0,0.366666666666667,6,1.09090909090909,6.54545454545455,0.2,2.2010473784089e-08,2.90552781952281e-08,-0.420288395945476,NA,-0.70710678118657,-0.577350269189632,-0.896633351923266,-0.460317164455,0.262612865719443,-0.577350269189626,NA,NA,-0.857492925712545,-0.316227766016838,-0.77865435958369,-0.111055163921709,-0.447213595499958,-0.0731272424127136,1,-0.307147558416976,-0.56980288229819,4,8.94427190999916
60102,3.8,2.66666666666667,3.33333333333333,1,6,0.2,1.44444444444444,0,0.355555555555556,6,1.18181818181818,7.09090909090909,0.0888888888888889,-0.199999999999997,-0.499999999999979,-0.371390676354104,-0.500000000000021,-0.316227766016847,0.560611910581386,0.578243309582913,0.641397402929845,-0.292770021884558,0.624999999999994,-0.327000880309052,0.738190009321372,0.140981475370048,0.0368981081902453,0.400000000000001,0.707106781186573,-0.840168050416818,-0.199999999999985,0.632455532033678,0.216930457818655,0.43396226415094,11.9166666666667,6.50027870082551
60102,3.8,2.66666666666667,3.33333333333333,2,6,0.2,1,NA,0.2,6,1.09090909090909,6.54545454545454,0,-0.2,NA,4.73695157173396e-15,-0.799999999999994,1,-0.500000000000053,0.748878323176857,0.0451612903225792,-0.500000000000021,0.333333333333329,0.359846407021395,-0.13010803193988,-0.200000000000007,-0.76470588235293,-0.200000000000007,-0.500000000000011,-0.499999999999999,0.142857142857139,-0.199999999999999,NA,0.894736842105262,11.9166666666667,6.50027870082551
60102,3.8,2.66666666666667,3.33333333333333,3,6,0.2,1,NA,0.2,6,0.909090909090909,5.45454545454545,0,-0.199999999999999,NA,0.454545454545455,-0.428571428571444,-0.199999999999986,0,0.886966551326413,0.974464338127385,1,-0.199999999999983,-0.192368839427477,-0.999999999997575,-0.324675324675324,-0.199999999999986,-0.363636363636366,4.26325641456054e-14,0.444444444444445,-0.500000000000021,NA,0.333333333333334,0.894736842105261,11.9166666666667,6.50027870082551
60102,3.8,2.66666666666667,3.33333333333333,4,6,0.2,1,NA,0.2,6,0.909090909090909,5.45454545454545,0,-0.199999999999991,-0.5,0.454545454545457,-0.499999999999989,-0.500000000000027,-0.499999999999947,0.894888705688376,0.957398466344788,-0.199999999999905,-0.0344827586206937,0.244444444444394,-0.800000000002619,0.117647058823531,0.333333333333335,-0.200000000000007,-0.200000000000068,0.454545454545456,0.333333333333338,NA,1,0.333333333333365,11.9166666666667,6.50027870082551
54692,2.3,3.91666666666667,1.83333333333333,1,4,0.2,1,0,0.35,5,0.836363636363636,4.18181818181818,0.1,-0.192897128868165,NA,NA,NA,NA,NA,0.577350269189627,0.962250448649376,-0.174077655955708,-0.999999999999972,NA,NA,NA,-0.816496580927726,NA,-0.577350269189626,NA,NA,NA,NA,-0.66226617853252,0,0
54692,2.3,3.91666666666667,1.83333333333333,2,5,0.25,1.16666666666667,0,0.35,5,0.945454545454545,4.72727272727273,0.1,0.666666666666666,1,1,1,NA,-0.250000000000002,0.350893226072864,0.568796880521286,0.534522483824859,-0.249999999999982,1,NA,NA,NA,1,NA,-0.25,-0.249999999999982,NA,NA,-0.638915143337891,0,0
54692,2.3,3.91666666666667,1.83333333333333,3,5,0.25,1.16666666666667,0,0.35,5,0.872727272727273,4.36363636363636,0.1,0.666666666666667,1,1,1,NA,NA,0.356364484571022,0.405366261609772,-0.249999999999999,3.76972873230977e-07,1,1,NA,NA,NA,NA,NA,NA,NA,NA,-0.562500000000007,0,0
59164,1.9,3.25,4.33333333333333,1,21,0.5,1.52777777777778,0.652173913043478,0.833333333333333,7,3.84415584415584,26.9090909090909,0.53968253968254,-0.523407900293545,-0.255411281781293,-0.194483387693908,-0.258198889747166,-0.146500163469875,-0.0241402274792774,-0.405074398533134,-0.174228297493968,-0.168121844470503,-0.175999999999988,-0.357334802605695,-0.349311007346672,-0.485306428283288,-0.160401027065754,-0.141688533868567,0.205763722938279,-0.587105885912552,-0.232257767845088,-0.198029508595338,-0.189781319292871,0.237100353310781,15.3809523809524,14.6849453198716
59164,1.9,3.25,4.33333333333333,2,21,0.5,1.66666666666667,0.666666666666667,0.833333333333333,7,3.97402597402597,27.8181818181818,0.52962962962963,-0.430631807386624,0.142580858025423,-0.099723374297174,-0.139271503632796,-0.0912870929175041,0.206598467635361,-0.192625858529292,-0.122358120635638,-1.37289899708904e-14,-0.247716847153458,-0.12827754498565,-0.194464996592145,-0.303052451095068,-0.161214450375578,-0.35591606483936,-0.275174769639542,-0.366625249892418,-0.29588401187771,1,-0.334719340697607,-0.195981578597388,15.3809523809524,14.6849453198716
59164,1.9,3.25,4.33333333333333,3,19,0.452380952380952,1.78571428571429,0.613636363636364,0.833333333333333,7,3.55844155844156,24.9090909090909,0.515721844293273,-0.468260062201635,-0.0449466574974494,0.0168041518105795,-0.10106954914038,1,-0.171616928056115,-0.416263746283962,-0.0750874885662506,0.216600056360932,0.326860225230316,-0.162762012840647,-0.358530064017763,-0.0540548437580436,-0.209358947339671,0.132665463314478,0.00856737314232305,-0.189804975425003,-0.290741902314813,-0.124121563255492,-0.0795454545454453,-0.239628618908492,15.3809523809524,14.6849453198716
59043,2.5,1.83333333333333,4,1,8,0.266666666666667,1.9,0.333333333333333,0.533333333333333,6,2.27272727272727,13.6363636363636,0.248888888888889,0.405220449236554,-0.218217890236107,0.405220449236555,-0.312288023343531,-0.332877024654889,0.371191623107957,-0.442492298700279,-0.185917988526283,0.289805474447039,0.258198889747165,0.000870084791767889,-0.667826570212864,-0.294883912309794,-0.299382079673499,-0.272119014880043,-0.438320070226271,0.0293483635441868,0.40572464272386,-0.080451798670912,0.423659272868165,0.288135593220339,24.3333333333333,16.3176795735995
59043,2.5,1.83333333333333,4,2,7,0.233333333333333,2.24,0,0.677777777777778,6,2.15151515151515,12.9090909090909,0.355555555555556,0.110239637961025,0.300000000000036,0.299999999999996,-0.212264741303167,-0.445615948517973,-0.0484359479696419,-0.295000257778763,0.206224389108379,0.0133869888150386,-0.399999999999984,NA,NA,-0.856039452076974,-0.658242628763011,0.230821767874242,0.230821767874242,2.13544491258776e-15,0.277777777777779,0.447368421052632,-0.155902391115578,-0.101222041272368,24.3333333333333,16.3176795735995
58613,2.3,2.66666666666667,4.33333333333333,1,9,0.125,1,1,0.138888888888889,9,1.71717171717172,15.4545454545455,0.0416666666666667,-0.134386388791936,-0.439999999999944,-0.27643280257528,-0.632455532033676,-0.227272727272748,0.66688592885535,0.0175810549674767,0.361196930064106,-0.176776695296646,NA,-1,NA,0.12643043435604,0.146551724137935,-0.377964473009246,-0.37796447300922,-0.104828483672226,-0.500000000000001,-0.285714285714291,-0.28571428571428,-0.323529411764713,27,NA
58613,2.3,2.66666666666667,4.33333333333333,2,13,0.180555555555556,1.38888888888889,0.818181818181818,0.236111111111111,9,2.48484848484848,22.3636363636364,0.132407407407407,0.256748082981548,-0.2717391304348,-0.247474747474754,NA,1,0.875866811130465,0.104597730051347,-0.355616647308994,0.711835450827822,1,NA,NA,0.742722740948675,0.742722740948672,0.567820953224374,-0.219577516413373,0.0194624736040425,-0.00576428719886807,0.0202776776413647,0.0202776776413791,-0.281725170285309,27,NA
58844,1.8,2.66666666666667,4.83333333333333,1,15,0.357142857142857,1.36363636363636,0.8,0.452380952380952,7,2.83116883116883,19.8181818181818,0.248299319727891,0.774436090225564,-0.0714285714287302,-0.464285714285545,-0.405998971470556,-0.386345569746672,-0.437325909966336,-0.432230518574685,-0.15577474555941,-0.0714285714282408,-0.464285714285768,-0.267602770482169,-0.999999999999999,-0.387805565309374,-0.312500000000002,-0.360593592914611,-0.314432989690733,-0.395266035152424,-0.426401432711003,0.0357142857142864,-0.351913674433176,-0.426401432711242,44.4545454545455,19.7654427542802
58844,1.8,2.66666666666667,4.83333333333333,2,15,0.357142857142857,1.16666666666667,0.8,0.452380952380952,7,2.85714285714286,20,0.248299319727891,0.371155997493674,-0.0714285714291544,-0.0986927542439564,-0.234304606545929,-0.383561643835608,-0.422577127364299,-0.263484679034171,-0.575330935551155,-0.369891806054849,-0.411989709324398,-0.242258900394895,-1,-0.393625628331595,0.413043478260871,-0.613824589586174,-0.0533001790889089,-0.0930851945030386,-0.344834733902491,-0.227830594216441,-0.267691523392258,-0.344834733902499,44.4545454545455,19.7654427542802
58844,1.8,2.66666666666667,4.83333333333333,3,16,0.380952380952381,1.27272727272727,0.8,0.452380952380952,7,3.1948051948052,22.3636363636364,0.248299319727891,0.791122715404699,-0.066666666666602,-0.230769230769299,-0.393728222996489,-0.515789473684211,-0.377483443708541,-0.0533315600478734,-0.335094797729132,-0.333333333333354,-0.0666666666666975,0.0286094477711626,-0.57506080035375,-0.444444444444445,0.184313725490196,-0.417721518987339,-0.473684210526312,-0.427782888684458,-0.333333333333332,0.29559748427673,-0.396825396825395,-0.398907103825137,44.4545454545455,19.7654427542802
59212,2.4,2.75,3,1,1,0.166666666666667,1,NA,0.333333333333333,3,0.121212121212121,0.363636363636364,0,NA,NA,NA,NA,NA,NA,NA,NA,NA,NA,NA,NA,NA,NA,NA,NA,NA,NA,NA,NA,NA,NA,NA
59212,2.4,2.75,3,2,1,0.166666666666667,1,NA,0.333333333333333,3,0.363636363636364,1.09090909090909,0,NA,NA,NA,NA,NA,NA,NA,NA,NA,NA,NA,NA,NA,NA,NA,NA,NA,NA,NA,NA,NA,NA,NA
59212,2.4,2.75,3,3,1,0.166666666666667,1,NA,0.333333333333333,3,0.363636363636364,1.09090909090909,0,NA,NA,NA,NA,NA,NA,NA,NA,NA,NA,NA,NA,NA,NA,NA,NA,NA,NA,NA,NA,NA,NA,NA
59095,1.8,2.83333333333333,4.16666666666667,1,9,0.160714285714286,1.18181818181818,0.6,0.214285714285714,8,1.77272727272727,14.1818181818182,0.094047619047619,-0.632455532033798,-0.499999999999986,-0.124999999999966,0.0999999999999782,-0.707106781186603,-0.0693375245281564,-0.408410877320421,-0.676351495989837,-0.314785625289309,-0.314785625289304,-0.636508485445168,-0.53385771366695,-0.314785625289312,-0.124999999999932,0.452267016866637,-0.632455532033675,-0.37796447300923,-0.377964473009228,0.162221421130762,1,-0.124999999999986,-0.625,1.5
59095,1.8,2.83333333333333,4.16666666666667,2,6,0.107142857142857,1,1,0.142857142857143,8,1.27272727272727,10.1818181818182,0.0535714285714286,1,0.500000000000037,0.59408852578601,0.267261241912423,-0.316227766016843,0.499999999999989,0.706848665908348,0.706297120843827,1,0.866025403784439,0.766339902774241,0.733567218509332,0.653720450460613,0.653720450460613,0,1,1,-0.316227766016831,0.5,0.5,-0.496138938356835,-0.625,1.5
60084,2.9,3.25,3.16666666666667,1,8,0.4,1,1,0.4,5,1.67272727272727,8.36363636363636,0.15,0.928358208955223,-0.435897435897438,-0.333333333333324,-0.53191489361702,-0.475728155339799,-0.263157894736842,-0.61808367071525,-0.54257720041834,0.111111111111105,-0.14285714285718,0.721188982819744,0.248578576302034,-0.872340425531919,-2.36847578586701e-15,-0.209302325581397,-0.100000000000003,-0.707112970711294,-0.0847457627118613,-0.599999999999999,-0.600000000000001,-0.142857142857143,7.9,6.41958807955083
60084,2.9,3.25,3.16666666666667,2,8,0.4,1,1,0.4,5,1.52727272727273,7.63636363636364,0.15,0.581881533101046,-0.435897435897433,-0.435897435897453,0.1578947368421,-0.358490566037736,0.898734177215189,-0.419310344827586,-0.744897959183675,0.789473684210527,-0.6,0.580893682588602,0.662011173184359,-0.555555555555559,0.157894736842111,0.563636363636364,1,-0.633507853403142,0.407407407407407,-0.600000000000004,-0.142857142857145,-0.925925925925926,7.9,6.41958807955083
58873,2.5,2.33333333333333,4.33333333333333,1,39,0.185714285714286,2.51020408163265,0.35625,0.644444444444444,15,4.78787878787879,71.8181818181818,0.299143766286623,-0.0548408497096055,NA,-0.0548408497107664,-0.139749680957199,-0.0548408497096101,-0.0548408497103692,-0.299210874668513,-0.0403395195580755,-0.0548408497115349,1,-0.240394148641991,-0.185110579518351,NA,-0.0377157143189606,-0.0548408497110224,NA,NA,1,1,1,-0.0548408497084462,10.3461538461538,18.0398277324199
58873,2.5,2.33333333333333,4.33333333333333,2,44,0.20952380952381,2.0297619047619,0.392670157068063,0.657142857142857,15,4.8969696969697,73.4545454545455,0.340054629711861,1,-0.239045721866879,1,NA,NA,NA,-0.0584836243989003,-0.260521494037425,NA,NA,-0.0973555930201821,-0.289284145089328,NA,1,1,1,1,NA,NA,NA,NA,10.3461538461538,18.0398277324199
58432,1,3.41666666666667,3.83333333333333,1,10,0.5,1.28571428571429,0.8,0.85,5,2.25454545454545,11.2727272727273,0.521428571428571,-0.66920056659005,-0.192450089729854,-0.0341294940570412,-0.0990957479752513,-0.450577556285477,-0.272165526975797,-0.497069750575723,-0.366085342324179,-0.104115841259045,-0.135802469135798,-0.368513865595426,-0.43418135108442,0.0536313183928947,0.176566075817755,0.315244162495642,0.41514547760432,-0.583333333333311,-0.500870322677788,-0.272165526975906,-0.439941345064057,-0.198516666794174,13.2,25.7112167480784
58432,1,3.41666666666667,3.83333333333333,2,11,0.55,1.5,0.789473684210526,0.9,5,2.90909090909091,14.5454545454545,0.596904761904762,0.125294002758147,-0.187766904049699,-0.14907119849982,-0.466570368215471,-0.0952661023244918,0.0690065559342778,-0.25458371512287,-0.254773078611027,-0.375000000000033,0.0690065559342072,-0.363552582432251,-0.228312715953317,-0.213820839888014,-0.279715463892761,0.0690065559342377,-0.0734651042004429,-0.244091107760431,-0.348005831284609,-0.435285750066007,-0.273483017137312,NA,13.2,25.7112167480784
60160,2.5,2.75,4.16666666666667,1,8,0.142857142857143,1.70588235294118,0,0.410119047619048,8,1.20454545454545,9.63636363636364,0.139285714285714,-0.1938006332446,-0.41522739926871,-0.378966792811808,-0.14285714285718,-0.120385853085768,-0.447213595499958,-0.271976814859143,0.0492260116842803,-0.500000000000002,-0.44721359549995,-0.925438659093402,0.234134838285811,-0.142857142857143,0.0605227532668619,0.356699049019704,0.60286056448822,-0.48158649769299,-0.494304915409093,0.137802238927544,-0.218217890235998,-0.745355992499933,-12.7272727272727,19.8398130489726
60160,2.5,2.75,4.16666666666667,2,6,0.107142857142857,1.14285714285714,0,0.160714285714286,8,1.18181818181818,9.45454545454546,0.0357142857142857,-0.242535625036342,-0.292770021884538,0.750972672942309,1,0.867721831274623,0.699999999999998,0.472384645896238,0.48308706913955,-0.227429413073672,1,-0.300664606512405,-0.215743955984661,-0.200000000000048,NA,0.296968715633994,0.464095480892261,-0.573539334676407,0.0588602011685011,0,-0.316227766016834,-0.189388504769652,-12.7272727272727,19.8398130489726
53946,2.2,2.75,3.66666666666667,1,8,0.142857142857143,1.625,0.375,0.351190476190476,8,1.43181818181818,11.4545454545455,0.15952380952381,-0.0620699102269882,NA,-0.500000000000156,0.739600261633636,-0.0739221270954572,-0.577350269189575,-1,NA,-0.25819888974736,-0.333333333333331,0.221792158208977,NA,-0.514167109111384,0.0226050039454199,-0.589115183278583,4.29695857075342e-14,-0.332045083747121,0.38161638848609,0,0.310531420465675,-0.0383953314115212,24.375,17.5900743115461
53946,2.2,2.75,3.66666666666667,2,8,0.142857142857143,1.11111111111111,0.6,0.25,8,1.36363636363636,10.9090909090909,0.094047619047619,-0.0455960752587549,1.80227505211456e-07,-0.0666666666667313,0.391304347826085,0.33333333333334,-0.218217890236023,0.678848772211916,0.524069244183019,-0.44378474407367,0.0605227532668935,-0.37349018435522,-0.682539682539679,1.18526721767622e-14,-0.142857142857163,-0.311085508419097,-0.292770021884517,-0.577350269189586,0.602556894621585,-0.647150228929434,-0.267261241912435,-0.436435780472054,24.375,17.5900743115461
57373,3.3,2.5,3.5,1,1,0.0833333333333333,1,NA,0.166666666666667,4,0.318181818181818,1.27272727272727,0,NA,NA,NA,NA,NA,NA,NA,NA,NA,NA,NA,NA,NA,NA,NA,NA,NA,NA,NA,NA,NA,3.42857142857143,19.0775360293823
57373,3.3,2.5,3.5,2,3,0.25,1.66666666666667,0,0.722222222222222,4,0.636363636363636,2.54545454545455,0.222222222222222,-0.86602540378442,-0.499999999999989,1,0.981980506061966,NA,0.499999999999984,0.500000000000001,-0.832239719563834,-0.500000000000021,-0.5,-0.892114553142588,-0.903741910595346,-1.00000000000001,0,-Inf,NA,-0.499999999999963,-0.500000000000021,0,0.5,0.500000000000011,3.42857142857143,19.0775360293823
58950,2,3.66666666666667,4.66666666666667,1,15,0.208333333333333,1.44,0.272727272727273,0.648148148148148,9,1.93939393939394,17.4545454545455,0.402160493827161,-0.302956415990757,-0.0459982615635762,-0.0662556837391681,1.040128061492e-14,0.441859724500361,-0.107142857142845,-0.321749544758703,0.138458585364912,0.141421356237347,-0.480384461415234,NA,NA,-0.480384461415342,-0.133630620956029,0.0714285714285263,-0.196116135138076,0.472455591261556,0.327326835353973,-0.0782810343380527,-0.512989176042566,-0.23203189902747,NA,NA
58950,2,3.66666666666667,4.66666666666667,2,11,0.152777777777778,1.41176470588235,0.25,0.398148148148148,9,1.97979797979798,17.8181818181818,0.136111111111111,-0.0641500299099707,0.12216944435633,-0.232379000772422,0.0999999999999833,0.0999999999999739,0.0833333333333116,0.0161719039063798,-0.304757123226201,NA,NA,NA,NA,NA,1,-0.0999999999999791,-0.14907119849994,0.0385758374905241,0.0385758374905243,-0.379473319220206,0.133630620956211,1,NA,NA
58538,1.5,3.16666666666667,2.66666666666667,1,10,0.238095238095238,1.28571428571429,0.176470588235294,0.690476190476191,7,2.41558441558442,16.9090909090909,0.302040816326531,0.364101027328231,1,1.77706716656659e-07,-0.460682212720441,-0.204124145231935,-0.25492496425523,-0.164458922640705,-0.189523840231582,-0.441894541332857,0.16689540550893,0.288380134617622,NA,-0.707106781186547,-0.0627702980962256,0.266996495693992,-0.353411453247338,-0.378552744918536,0.272165526975905,-0.166666666666667,-0.166666666666666,-0.719827388386768,35.1666666666667,31.5937757583146
58538,1.5,3.16666666666667,2.66666666666667,2,11,0.261904761904762,1.47619047619048,0.3,0.706349206349206,7,2.18181818181818,15.2727272727273,0.396220710506425,0.496978262502571,1,-0.202819666964759,-0.590717348824204,-0.455661188432897,-0.142601379569395,0.127519116049385,0.31490809359065,-0.288675134594829,-0.356348322549905,NA,NA,-3.85024325211402e-16,-0.288675134594813,0.626783170528003,-0.253443438743908,0.133630620956212,-0.617813244938119,-0.288675134594814,NA,-0.124225998749988,35.1666666666667,31.5937757583146
52203,2.3,3.25,3.83333333333333,1,12,0.6,1.4,0.6,0.85,5,2.61818181818182,13.0909090909091,0.575,-0.229624921234047,1,-0.408248290463866,-0.569929169701362,-0.408248290463874,-0.0285714285714318,-0.392939588477134,-0.36637193035142,-0.349927106111829,-0.628314607415001,-0.396882541282898,-0.40364424512842,-0.372036112051285,-0.37203611205128,-0.134839972492643,0.103985458457823,0.0711342994029627,-0.229624921234051,1,-0.199999999999997,-0.0672233305442482,4,8.43274042711568
52203,2.3,3.25,3.83333333333333,2,12,0.6,1.25,0.461538461538462,0.85,5,2.61818181818182,13.0909090909091,0.46,-0.269153847470937,1,NA,-0.515752787946817,-0.745355992499914,-0.330289129537876,-0.705821490138256,-0.651187888076981,-0.592156525463761,-0.577350269189626,NA,NA,-0.355798588931221,-0.679039837465041,-0.397359707119521,-0.499999999999997,-0.592156525463793,-0.333333333333401,NA,-0.333333333333335,-0.511425748461063,4,8.43274042711568
60142,2.1,2.33333333333333,4.5,1,9,0.214285714285714,1.30769230769231,0.75,0.309523809523809,7,1.74025974025974,12.1818181818182,0.155555555555556,-0.125,-0.632455532033667,-1.00000000000002,-0.23452078799118,-0.57735026918964,-0.460977222864651,-0.493528365655196,-0.534506923172986,-0.571122280838491,-1.00485917355763e-14,NA,NA,-0.264906471413017,-0.478091443733753,-0.478091443733729,-0.431818181818158,-0.254762332682538,NA,0.216930457818657,-0.316227766016838,-0.54879547245603,34,NA
60142,2.1,2.33333333333333,4.5,2,9,0.214285714285714,1.5,0.428571428571429,0.349206349206349,7,1.74025974025974,12.1818181818182,0.165079365079365,-0.369405677231689,1,0.038461538461544,-0.346843987809685,-0.490051113465351,-0.526315789473695,-0.254013345773532,-0.359035721618967,-0.176776695296635,NA,NA,NA,-0.164398987305359,0.289473684210538,0.0792428851750303,-0.436435780471979,-0.217642875033001,-0.489797999978939,0.100000000000001,-0.125000000000004,-0.60024504799878,34,NA
59055,3.3,2.83333333333333,3.5,1,5,0.25,1.16666666666667,1,0.3,5,1.45454545454545,7.27272727272727,0.15,-0.408248290463862,NA,-0.666666666666639,-0.408248290463849,-0.304290309725091,NA,-0.666180190843575,-0.665270801858827,-0.666666666666679,-0.666666666666664,-0.376912904164309,-0.292596938794162,-0.666666666666643,-0.666666666666683,-0.666666666666663,-0.40824829046387,NA,-0.28571428571429,-0.408248290463862,-0.597614304667197,-0.40824829046386,16.7777777777778,15.4659123379271
59055,3.3,2.83333333333333,3.5,2,3,0.15,1.25,0,0.25,5,0.654545454545455,3.27272727272727,0.1,-0.693375245281536,2.52881091065361e-07,0,-0.499999999999989,-0.755928946018458,-0.755928946018448,-0.904194430179466,0.167412382545605,-0.500000000000021,-0.499999999999997,-0.821994936526782,-0.909934970960094,-0.499999999999992,NA,NA,-0.500000000000021,NA,-0.944911182523069,NA,0,NA,16.7777777777778,15.4659123379271
59360,2.55555555555556,3.25,3.33333333333333,1,2,0.1,1.33333333333333,0,0.25,5,0.290909090909091,1.45454545454545,0.1,-Inf,1,-1,NA,NA,-Inf,-1,-1,NA,NA,NA,NA,-1,-1,NA,-1,-1,-1,-0.999999999999999,1,-1.00000000000001,NA,NA
59360,2.55555555555556,3.25,3.33333333333333,2,0,0,NA,NA,0,5,0,0,0,NA,NA,NA,NA,NA,NA,NA,NA,NA,NA,NA,NA,NA,NA,NA,NA,NA,NA,NA,NA,NA,NA,NA
47043,2,3.16666666666667,5,1,14,0.7,1.3,0.875,0.95,5,3.05454545454545,15.2727272727273,0.667857142857143,3.01345105030082e-15,-0.144841364875622,-0.228217732293814,-0.272727272727272,-0.415882354939844,-0.213200716355609,-0.241045199346793,-0.29948840181456,-0.428571428571412,-0.289364920846103,-0.144841364875617,NA,-0.350385150385801,-0.184589297421986,-0.255540849328545,-0.291287632501758,-0.149071198499991,-0.316837933092615,-0.399999999999997,-0.400000000000002,-0.297149686463079,1.8,5.69209978830308
47043,2,3.16666666666667,5,2,12,0.6,1.4,0.789473684210526,0.9,5,2.21818181818182,11.0909090909091,0.596904761904762,-0.168831168831168,1,-0.204257168475268,-0.381989373124857,-0.174077655955682,-0.298974037100775,-0.0940731086756209,-0.206593493893817,-0.258198889747089,-0.239045721866822,NA,1,-0.40224091389239,-0.478091443733737,-0.178061142448945,-0.25302380163988,-0.376192062431227,0,-0.408248290463865,-0.174077655955695,-0.357029241824913,1.8,5.69209978830308
